_CASE_KEY,Material Group,Material Group Text,Material,Material Text,Net Order Price,Currency,Vendor,has_deviation,classification,cycle_days,deviation_event_count
1000010,00210,Input Devices,DPC1011,Professional keyboard - PROFITEC Model,20.5,EUR,0000001005,False,Happy Path,35,0
1000015,012,Hardware,DPC1016,"SIM-Module 8M x 36, 70 ns",67.9,EUR,0000001010,False,Happy Path,32,0
1000017,00202,Motherboards,DPC1019,Processor  700  MHz,197.19,EUR,0000001010,False,Happy Path,36,0
1000019,00207,Monitors,M-01,Sunny Sunny 01,542.0,EUR,0000001010,False,Happy Path,32,0
1000020,00207,Monitors,M-02,Sunny Xa1,634.0,EUR,0000001010,False,Happy Path,29,0
1000026,00207,Monitors,M-08,Flatscreen MS 1575P,731.2,EUR,0000001020,False,Happy Path,32,0
1000044,R1111,Dairy,R100001,Fauna margarine,0.41,EUR,0000003021,True,Deviant,40,2
1000047,R1122,Deli,R100002,Salami parma,1.25,EUR,0000003021,True,Deviant,14,1
1000054,R1121,Perishables,R100007,"Net of oranges, 4 lb",2.29,EUR,R1000,False,Happy Path,32,0
1000056,R1121,Perishables,R100007,"Net of oranges, 4 lb",2.29,EUR,R1000,False,Happy Path,37,0
1000059,R1121,Perishables,R100008,Pepper,1.17,EUR,R1000,False,Happy Path,29,0
1000060,R1131,Tools,R100009,Screwdriver (cross-head),2.39,EUR,R1000,False,Happy Path,31,0
1000065,001,Metal processing,100-210,Slug for fly wheel,51.1,EUR,0000001011,False,Happy Path,27,0
1000066,001,Metal processing,100-410,Casing for electronic drive,5.11,EUR,0000001011,False,Happy Path,29,0
1000074,001,Metal processing,100-600,Support base,51.1,USD,R3001,True,Deviant,44,1
1000076,001,Metal processing,103-110,Slug for spiral casing--chrome steel,35.79,USD,R3001,False,Happy Path,25,0
1000078,R1111,Dairy,R100000,Yoghurt all natural,0.53,USD,R3001,False,Happy Path,21,0
1000089,R1131,Tools,R100009,Screwdriver (cross-head),1.98,USD,0000005550,True,Deviant,12,1
1000098,R1133,Household/cosmetics,R100013,Shampoo 'Splash',2.35,USD,0000005560,False,Happy Path,31,0
1000103,R1133,Household/cosmetics,R100014,Body lotion 'Alabaster',2.99,USD,0000005550,False,Happy Path,24,0
1000107,R1134,Electro,R100016,Tuner X300,191.68,USD,0000005550,False,Happy Path,24,0
1000109,R1132,Sport,R100011,Basketball 'Professional',13.5,USD,0000005550,False,Happy Path,21,0
1000110,R1132,Sport,R100011,Basketball 'Professional',13.5,USD,0000005550,False,Happy Path,26,0
1000116,009,Accessories,1400-100,Deluxe Headlight,22.5,EUR,R1001,True,Deviant,26,1
1000123,R1132,Sport,R100011,Basketball 'Professional',4.75,USD,0000003745,False,Happy Path,29,0
1000124,R1132,Sport,R100012,Skateboard 'Hells Bells',35.43,USD,0000003745,True,Deviant,30,1
1000132,R1111,Dairy,R100000,Yoghurt all natural,0.53,USD,0000003745,True,Deviant,3,1
1000138,R1111,Dairy,R100001,Fauna margarine,0.95,USD,R1000,False,Happy Path,20,0
100014,R1113,Frozen foods,R100004,"'Sophia l.' pizza, 3-pack",3.7,EUR,R1000,True,Deviant,26,1
1000140,R1122,Deli,R100002,Salami parma,2.47,USD,R1000,False,Happy Path,22,0
1000141,R1122,Deli,R100002,Salami parma,2.47,USD,R1000,False,Happy Path,25,0
100015,R1114,Preserves,R100005,RAVIOLI 'LA MAMMA',0.39,EUR,R1000,True,Deviant,38,1
1000156,R1121,Perishables,R100008,Pepper,2.56,USD,R1000,True,Deviant,34,1
1000158,R1121,Perishables,R100008,Pepper,2.56,USD,R1000,False,Happy Path,20,0
1000164,R1114,Preserves,R100027,Meyer's goulash soup,1.07,EUR,0000003902,False,Happy Path,27,0
1000165,R1114,Preserves,R100027,Meyer's goulash soup,1.07,EUR,0000003902,True,Deviant,26,1
1000166,R1114,Preserves,R100027,Meyer's goulash soup,1.07,EUR,0000003902,True,Deviant,29,1
1000169,R1112,Beverages,R100032,Fitdrink 2000 (Can),0.28,EUR,0000003902,True,Deviant,33,1
1000178,R1132,Sport,R100011,Basketball 'Professional',4.55,EUR,0000001003,False,Happy Path,32,0
1000180,R1132,Sport,R100012,Skateboard 'Hells Bells',17.46,EUR,0000001003,False,Happy Path,32,0
1000185,R1133,Household/cosmetics,R100014,Body lotion 'Alabaster',1.35,EUR,0000005550,False,Happy Path,30,0
1000187,R1133,Household/cosmetics,R100014,Body lotion 'Alabaster',1.35,EUR,0000005550,False,Happy Path,29,0
1000189,R1134,Electro,R100016,Tuner X300,114.14,EUR,0000005550,False,Happy Path,30,0
1000192,R1114,Preserves,R100026,Meyer's cream of mushroom soup,0.46,EUR,0000005550,False,Happy Path,23,0
1000193,R1114,Preserves,R100026,Meyer's cream of mushroom soup,0.46,USD,R3000,False,Happy Path,24,0
1000195,R1114,Preserves,R100027,Meyer's goulash soup,0.46,USD,R3000,True,Deviant,34,1
100020,R1221,Returnables,R100022,Bottle 1.5,0.14,USD,R3000,True,Deviant,13,1
1000206,003,Bulbs,40-100Y,Bulb 220/35V 40-watt yellow,0.11,EUR,0000000300,True,Deviant,31,1
1000207,008,Packaging,40-110C,40 W clear 220-235V e27 MIG Carton,0.01,EUR,0000000300,True,Deviant,30,1
1000210,008,Packaging,40-110Y,220-235V 40-watt yellow e27 MIG box,0.01,EUR,0000000300,True,Deviant,35,2
1000217,003,Bulbs,YY-210,Solid wire LSN 5 1.8,4.59,EUR,0000001001,False,Happy Path,36,0
100022,R1221,Returnables,R100022,Bottle 1.5,0.14,USD,R3000,True,Deviant,5,1
1000225,008,Packaging,60-110Y,220-235V 60-watt yellow e27 MIG box,0.01,EUR,0000001001,True,Deviant,43,1
1000226,003,Bulbs,60-200C,Bulb A 60/33x128 clear EMG,0.1,EUR,0000001001,False,Happy Path,36,0
1000235,008,Packaging,80-110C,220-235V 80-watt clear e27 MIG box,0.01,EUR,0000001075,True,Deviant,41,1
1000249,003,Bulbs,YY-260,Current conveyor 3 piece,0.01,USD,R3002,True,Deviant,41,3
1000256,R1132,Sport,R100011,Basketball 'Professional',13.5,EUR,0000001015,False,Happy Path,22,0
1000257,R1132,Sport,R100012,Skateboard 'Hells Bells',67.0,EUR,0000001015,False,Happy Path,29,0
1000259,00207,Monitors,M-02,Sunny Xa1,634.0,EUR,0000001015,False,Happy Path,27,0
1000264,00207,Monitors,M-07,Flatscreen LE 64P,567.5,EUR,0000001025,False,Happy Path,31,0
1000268,00207,Monitors,M-11,Flatscreen MS 1785P,869.2,EUR,0000001025,False,Happy Path,31,0
1000273,00207,Monitors,M-16,SEC Multisync XV 17,838.5,EUR,R1000,False,Happy Path,24,0
1000275,00207,Monitors,M-18,Jotachi SN4500,920.29,EUR,R1000,False,Happy Path,28,0
1000282,R1111,Dairy,R100001,Fauna margarine,0.41,EUR,R1000,False,Happy Path,33,0
1000284,R1122,Deli,R100002,Salami parma,1.25,EUR,R1000,False,Happy Path,27,0
1000294,R1121,Perishables,R100007,"Net of oranges, 4 lb",2.29,EUR,0000003902,True,Deviant,11,1
1000300,R1131,Tools,R100009,Screwdriver (cross-head),2.39,EUR,0000003902,False,Happy Path,30,0
1000312,012,Hardware,DPC1015,"SIM-Modul 256 MB 16M x 32, 70 ns",97.2,EUR,0000001005,False,Happy Path,30,0
1000317,001,Metal processing,100-120,Flat gasket,23.5,EUR,0000001011,True,Deviant,45,1
1000318,001,Metal processing,100-130,Hexagon head screw M10,0.51,EUR,0000001011,True,Deviant,36,1
1000322,001,Metal processing,100-420,Circuit board M-1000,10.4,EUR,0000001011,False,Happy Path,26,0
1000333,R1111,Dairy,R100001,Fauna margarine,0.95,USD,0000001003,True,Deviant,32,1
1000334,R1122,Deli,R100002,Salami parma,49.5,USD,0000001003,True,Deviant,12,1
1000339,R1114,Preserves,R100026,Meyer's cream of mushroom soup,1.08,USD,0000001003,False,Happy Path,28,0
1000340,R1114,Preserves,R100027,Meyer's goulash soup,1.08,USD,0000001003,False,Happy Path,24,0
1000342,R1131,Tools,R100009,Screwdriver (cross-head),2.0,USD,0000001003,False,Happy Path,23,0
1000344,R1131,Tools,R100009,Screwdriver (cross-head),2.0,USD,0000005560,False,Happy Path,30,0
1000353,R1133,Household/cosmetics,R100013,Shampoo 'Splash',2.62,USD,0000003021,False,Happy Path,25,0
1000356,R1133,Household/cosmetics,R100014,Body lotion 'Alabaster',3.04,USD,0000003021,False,Happy Path,20,0
1000359,R1134,Electro,R100016,Tuner X300,177.34,USD,0000003021,True,Deviant,35,1
1000363,R1132,Sport,R100011,Basketball 'Professional',13.5,EUR,0000001011,True,Deviant,20,1
1000364,R1132,Sport,R100011,Basketball 'Professional',13.5,EUR,0000001011,False,Happy Path,28,0
1000366,R1132,Sport,R100012,Skateboard 'Hells Bells',67.0,EUR,0000001011,False,Happy Path,24,0
1000367,R1132,Sport,R100012,Skateboard 'Hells Bells',67.0,EUR,0000001011,False,Happy Path,19,0
1000373,0201,Motorcycles,1400-310,CrossFun / 350 cm3,3732.42,EUR,R1000,True,Deviant,39,1
1000377,R1132,Sport,R100011,Basketball 'Professional',4.75,EUR,R1000,True,Deviant,190,5
1000380,R1133,Household/cosmetics,R100014,Body lotion 'Alabaster',1.35,EUR,R1000,False,Happy Path,34,0
1000385,002,Electronics,R-1140,"TFT Monitor, 17"",205,EUR""",5550.0,,,False,Happy Path,29,0
1000398,R1133,Household/cosmetics,R100013,Shampoo 'Splash',1.14,EUR,0000003021,False,Happy Path,22,0
100040,R1221,Returnables,R100022,Bottle 1.5,0.14,EUR,R1000,False,Happy Path,23,0
1000408,R1114,Preserves,R100027,Meyer's goulash soup,0.46,EUR,0000005550,False,Happy Path,27,0
1000410,R1114,Preserves,R100027,Meyer's goulash soup,0.46,EUR,0000005550,False,Happy Path,33,0
1000414,003,Bulbs,40-100C,Bulb 220/35V 40-watt clear,0.05,EUR,0000000300,True,Deviant,35,1
1000429,003,Bulbs,60-100C,Bulb 220/35V 60-watt frosted,0.05,EUR,0000001001,True,Deviant,38,1
100043,R1114,Preserves,R100005,RAVIOLI 'LA MAMMA',0.39,EUR,R1000,True,Deviant,43,1
1000435,008,Packaging,60-110R,220-235V 60-watt red e27 MIG box,0.01,EUR,0000001001,True,Deviant,42,1
1000436,008,Packaging,60-110Y,220-235V 60-watt yellow e27 MIG box,0.01,EUR,0000001001,False,Happy Path,32,0
1000438,003,Bulbs,60-200F,Bulb A 60/33x128 frosted EMG,0.1,EUR,0000001001,True,Deviant,37,1
1000446,008,Packaging,80-110C,220-235V 80-watt clear e27 MIG box,0.01,EUR,0000001001,True,Deviant,43,1
1000455,003,Bulbs,80-200R,Bulb A 80/33x128 red EMG,0.1,USD,R3002,True,Deviant,31,1
1000456,003,Bulbs,80-200Y,Bulb A 40/33x128 yellow EMG,0.01,USD,R3002,True,Deviant,40,1
1000464,R1133,Household/cosmetics,R100013,Shampoo 'Splash',2.85,EUR,0000001005,False,Happy Path,27,0
1000467,R1132,Sport,R100011,Basketball 'Professional',13.5,EUR,0000001005,False,Happy Path,29,0
1000468,R1132,Sport,R100012,Skateboard 'Hells Bells',67.0,EUR,0000001005,False,Happy Path,28,0
1000475,00210,Input Devices,DPC1011,Professional keyboard - PROFITEC Model,20.5,EUR,0000001005,False,Happy Path,37,0
100048,R1221,Returnables,R100022,Bottle 1.5,0.14,EUR,R1000,False,Happy Path,27,0
1000485,R1111,Dairy,R100001,Fauna margarine,0.41,EUR,R1000,False,Happy Path,29,0
1000493,R1111,Dairy,R100001,Fauna margarine,0.41,USD,R3000,True,Deviant,36,1
1000498,R1221,Returnables,R100022,Bottle 1.5,0.14,USD,R3000,True,Deviant,11,1
1000499,R1113,Frozen foods,R100004,"'Sophia l.' pizza, 3-pack",3.7,USD,R3000,True,Deviant,10,1
1000502,R1112,Beverages,R100003,Lemonade 1.5 l bottle,0.72,USD,R3000,False,Happy Path,26,0
1000504,R1221,Returnables,R100023,Crate 12 bottles,1.5,EUR,0000001010,False,Happy Path,27,0
1000511,R1221,Returnables,R100023,Crate 12 bottles,1.5,EUR,0000001010,False,Happy Path,27,0
1000517,00207,Monitors,M-06,Flatscreen MS 1460 P,557.29,EUR,0000001015,False,Happy Path,36,0
1000518,00207,Monitors,M-07,Flatscreen LE 64P,567.5,EUR,0000001015,False,Happy Path,37,0
1000520,00207,Monitors,M-09,Flatscreen MS 1585,777.2,EUR,0000001015,False,Happy Path,31,0
1000521,00207,Monitors,M-10,Flatscreen MS 1775P,818.1,EUR,0000001015,False,Happy Path,29,0
1000530,00207,Monitors,M-19,Jotachi SN5000,557.29,EUR,R1000,False,Happy Path,29,0
1000537,R1111,Dairy,R100001,Fauna margarine,0.41,EUR,0000003745,True,Deviant,37,1
1000539,R1122,Deli,R100002,Salami parma,1.25,EUR,0000003745,True,Deviant,13,1
1000546,R1114,Preserves,R100005,RAVIOLI 'LA MAMMA',0.36,EUR,0000005560,False,Happy Path,27,0
1000552,R1121,Perishables,R100008,Pepper,1.17,EUR,0000005560,False,Happy Path,28,0
1000565,001,Metal processing,100-433,Screw M 6X60,0.51,USD,R3000,True,Deviant,42,1
100057,R1111,Dairy,R100001,Fauna margarine,0.95,USD,R3000,True,Deviant,37,2
1000575,R1114,Preserves,R100005,RAVIOLI 'LA MAMMA',0.86,USD,0000005550,True,Deviant,25,1
1000578,R1114,Preserves,R100026,Meyer's cream of mushroom soup,1.08,USD,0000005550,True,Deviant,28,1
1000581,R1131,Tools,R100009,Screwdriver (cross-head),2.0,USD,0000005550,True,Deviant,14,1
1000582,R1131,Tools,R100009,Screwdriver (cross-head),2.0,USD,0000005550,True,Deviant,31,1
1000583,R1131,Tools,R100009,Screwdriver (cross-head),2.0,USD,0000005550,True,Deviant,3,1
1000588,R1131,Tools,R100010,"Hammer, 20 oz framing",11.08,USD,0000005550,False,Happy Path,25,0
1000589,R1133,Household/cosmetics,R100013,Shampoo 'Splash',2.64,USD,0000005550,False,Happy Path,26,0
1000594,R1133,Household/cosmetics,R100014,Body lotion 'Alabaster',3.04,USD,0000003745,False,Happy Path,23,0
1000601,R1132,Sport,R100011,Basketball 'Professional',13.5,USD,0000003745,False,Happy Path,18,0
1000603,R1132,Sport,R100011,Basketball 'Professional',13.5,EUR,0000001011,False,Happy Path,23,0
1000604,R1132,Sport,R100011,Basketball 'Professional',13.5,EUR,0000001011,True,Deviant,32,1
1000605,R1132,Sport,R100012,Skateboard 'Hells Bells',67.0,EUR,0000001011,True,Deviant,30,1
1000608,R1132,Sport,R100012,Skateboard 'Hells Bells',67.0,EUR,0000001011,False,Happy Path,21,0
1000609,009,Accessories,1400-100,Deluxe Headlight,22.5,EUR,0000001011,False,Happy Path,31,0
1000613,009,Accessories,1400-400,Motorcycle Helmet - Standard,23.01,EUR,R1000,False,Happy Path,35,0
1000623,R1112,Beverages,R100032,Fitdrink 2000 (Can),0.28,USD,0000003745,True,Deviant,35,1
100063,R1221,Returnables,R100023,Crate 12 bottles,1.5,EUR,R1000,True,Deviant,3,1
1000641,R1114,Preserves,R100005,RAVIOLI 'LA MAMMA',0.86,USD,0000005550,False,Happy Path,32,0
1000651,R1121,Perishables,R100008,Pepper,2.56,USD,0000005560,False,Happy Path,26,0
1000652,R1114,Preserves,R100026,Meyer's cream of mushroom soup,1.08,USD,0000005560,False,Happy Path,27,0
1000654,R1114,Preserves,R100026,Meyer's cream of mushroom soup,1.08,USD,0000005550,False,Happy Path,27,0
1000659,R1114,Preserves,R100027,Meyer's goulash soup,1.07,USD,0000005550,True,Deviant,38,2
1000660,R1112,Beverages,R100032,Fitdrink 2000 (Can),0.29,USD,0000005550,True,Deviant,33,1
1000676,R1132,Sport,R100012,Skateboard 'Hells Bells',17.71,EUR,0000005550,False,Happy Path,30,0
1000677,R1133,Household/cosmetics,R100013,Shampoo 'Splash',1.14,EUR,0000005550,False,Happy Path,28,0
1000678,R1133,Household/cosmetics,R100013,Shampoo 'Splash',1.14,EUR,0000005550,False,Happy Path,36,0
1000684,R1134,Electro,R100016,Tuner X300,114.14,EUR,0000005550,False,Happy Path,31,0
1000702,002,Electronics,THT-00-04,Laser Printer,179.0,USD,0000003021,True,Deviant,25,1
1000706,002,Electronics,THT-00-08,Laser Printer,179.0,USD,0000003021,True,Deviant,3,1
1000722,002,Electronics,THT-00-24,Laser Printer,179.0,USD,0000003021,False,Happy Path,29,0
1000729,002,Electronics,THT-00-31,Laser Printer,179.0,USD,0000003021,True,Deviant,31,1
1000730,002,Electronics,THT-00-32,Laser Printer,179.0,USD,0000003021,True,Deviant,34,1
1000732,002,Electronics,THT-00-34,Laser Printer,179.0,USD,0000003021,False,Happy Path,25,0
1000735,002,Electronics,THT-00-37,Laser Printer,179.0,USD,0000003021,False,Happy Path,21,0
1000736,002,Electronics,THT-00-38,Laser Printer,179.0,USD,0000003021,False,Happy Path,23,0
1000739,002,Electronics,THT-01-00,Inkjet Printer,100.0,USD,0000003021,True,Deviant,28,1
1000041,R1111,Dairy,R100000,Yoghurt all natural,0.27,EUR,0000005550,False,Happy Path,31,0
1000083,R1121,Perishables,R100007,"Net of oranges, 4 lb",2.12,USD,0000005550,True,Deviant,25,1
1000084,R1121,Perishables,R100008,Pepper,2.56,USD,0000005550,True,Deviant,25,1
1000092,R1131,Tools,R100010,"Hammer, 20 oz framing",10.08,USD,0000005550,False,Happy Path,26,0
1000093,R1131,Tools,R100010,"Hammer, 20 oz framing",10.08,USD,0000005560,False,Happy Path,25,0
1000096,R1133,Household/cosmetics,R100013,Shampoo 'Splash',2.35,USD,0000005560,False,Happy Path,24,0
1000099,R1133,Household/cosmetics,R100013,Shampoo 'Splash',2.35,USD,0000005560,False,Happy Path,27,0
1000145,R1113,Frozen foods,R100004,"'Sophia l.' pizza, 3-pack",7.15,USD,R1000,False,Happy Path,27,0
1000174,R1131,Tools,R100010,"Hammer, 20 oz framing",4.62,EUR,0000001003,False,Happy Path,34,0
1000175,R1131,Tools,R100010,"Hammer, 20 oz framing",4.62,EUR,0000001003,False,Happy Path,32,0
1000176,R1132,Sport,R100011,Basketball 'Professional',4.55,EUR,0000001003,False,Happy Path,38,0
1000196,R1114,Preserves,R100027,Meyer's goulash soup,0.46,USD,R3000,True,Deviant,43,1
1000202,R1111,Dairy,R100001,Fauna margarine,0.95,USD,R3000,False,Happy Path,27,0
1000252,R1131,Tools,R100010,"Hammer, 20 oz framing",100.0,USD,R3002,True,Deviant,9,1
1000254,R1133,Household/cosmetics,R100014,Body lotion 'Alabaster',3.04,EUR,0000001015,True,Deviant,33,1
1000280,R1111,Dairy,R100000,Yoghurt all natural,0.27,EUR,R1000,False,Happy Path,34,0
1000288,R1113,Frozen foods,R100004,"'Sophia l.' pizza, 3-pack",3.7,EUR,R1000,True,Deviant,39,1
1000290,R1114,Preserves,R100005,RAVIOLI 'LA MAMMA',0.36,EUR,R1000,True,Deviant,47,2
1000293,R1121,Perishables,R100007,"Net of oranges, 4 lb",2.29,EUR,0000003902,True,Deviant,11,1
1000335,R1113,Frozen foods,R100004,"'Sophia l.' pizza, 3-pack",7.57,USD,0000001003,True,Deviant,14,1
1000337,R1121,Perishables,R100007,"Net of oranges, 4 lb",2.12,USD,0000001003,True,Deviant,2,1
1000341,R1112,Beverages,R100032,Fitdrink 2000 (Can),0.33,USD,0000001003,False,Happy Path,30,0
1000347,R1131,Tools,R100010,"Hammer, 20 oz framing",10.99,USD,0000005560,False,Happy Path,23,0
1000352,R1133,Household/cosmetics,R100013,Shampoo 'Splash',2.62,USD,0000005560,False,Happy Path,25,0
1000358,R1134,Electro,R100016,Tuner X300,177.34,USD,0000003021,True,Deviant,31,1
1000362,R1132,Sport,R100011,Basketball 'Professional',13.5,USD,0000003021,False,Happy Path,28,0
1000381,R1134,Electro,R100016,Tuner X300,114.14,EUR,R1000,False,Happy Path,33,0
1000384,R1112,Beverages,R100032,Fitdrink 2000 (Can),0.28,EUR,0000005550,False,Happy Path,32,0
1000391,R1132,Sport,R100011,Basketball 'Professional',4.55,EUR,0000005550,False,Happy Path,29,0
1000395,R1132,Sport,R100012,Skateboard 'Hells Bells',17.46,EUR,0000003021,False,Happy Path,31,0
1000407,R1114,Preserves,R100026,Meyer's cream of mushroom soup,0.46,EUR,0000005550,False,Happy Path,30,0
100042,R1113,Frozen foods,R100004,"'Sophia l.' pizza, 3-pack",3.7,EUR,R1000,False,Happy Path,30,0
1000532,R1111,Dairy,R100000,Yoghurt all natural,0.27,EUR,R1000,False,Happy Path,29,0
1000535,R1111,Dairy,R100001,Fauna margarine,0.41,EUR,0000003745,True,Deviant,34,1
1000540,R1122,Deli,R100002,Salami parma,1.25,EUR,0000003745,True,Deviant,14,1
1000572,R1111,Dairy,R100001,Fauna margarine,0.95,USD,R3000,False,Happy Path,27,0
1000574,R1113,Frozen foods,R100004,"'Sophia l.' pizza, 3-pack",7.57,USD,0000005550,False,Happy Path,24,0
1000580,R1112,Beverages,R100032,Fitdrink 2000 (Can),0.33,USD,0000005550,True,Deviant,13,1
1000598,R1134,Electro,R100016,Tuner X300,176.0,USD,0000003745,False,Happy Path,24,0
1000600,R1134,Electro,R100016,Tuner X300,176.0,USD,0000003745,False,Happy Path,30,0
1000602,R1132,Sport,R100011,Basketball 'Professional',13.5,USD,0000003745,False,Happy Path,20,0
1000619,R1133,Household/cosmetics,R100014,Body lotion 'Alabaster',1.35,EUR,R1000,True,Deviant,32,1
1000632,R1122,Deli,R100002,Salami parma,2.47,USD,0000003745,False,Happy Path,25,0
1000644,R1121,Perishables,R100007,"Net of oranges, 4 lb",2.12,USD,0000005560,False,Happy Path,23,0
1000655,R1114,Preserves,R100026,Meyer's cream of mushroom soup,1.08,USD,0000005550,False,Happy Path,27,0
1000668,R1131,Tools,R100010,"Hammer, 20 oz framing",4.58,EUR,0000005550,False,Happy Path,28,0
1000673,R1132,Sport,R100011,Basketball 'Professional',4.58,EUR,0000005550,False,Happy Path,27,0
1000681,R1133,Household/cosmetics,R100014,Body lotion 'Alabaster',1.35,EUR,0000005550,False,Happy Path,34,0
1000682,R1133,Household/cosmetics,R100014,Body lotion 'Alabaster',1.35,EUR,0000005550,False,Happy Path,31,0
1000687,R1114,Preserves,R100026,Meyer's cream of mushroom soup,0.46,EUR,0000005550,True,Deviant,37,2
1000693,R1112,Beverages,R100032,Fitdrink 2000 (Can),0.28,USD,0000003021,False,Happy Path,33,0
100000,R1221,Returnables,R100023,Crate 12 bottles,1.5,EUR,R1000,False,Happy Path,24,0
1000001,R1134,Electro,R100016,Tuner X300,157.0,USD,R3002,True,Deviant,27,1
1000003,R1132,Sport,R100012,Skateboard 'Hells Bells',67.0,EUR,0000001005,True,Deviant,38,2
1000008,00210,Input Devices,DPC1009,Standard Keyboard - EURO Model,16.6,EUR,0000001005,True,Deviant,34,1
1000018,00202,Motherboards,DPC1020,3Processor  500 MHz,23.5,EUR,0000001010,False,Happy Path,32,0
1000027,00207,Monitors,M-09,Flatscreen MS 1585,777.2,EUR,0000001020,False,Happy Path,31,0
1000036,00207,Monitors,M-18,Jotachi SN4500,920.29,EUR,0000005550,False,Happy Path,30,0
1000037,00207,Monitors,M-19,Jotachi SN5000,557.29,EUR,0000005550,False,Happy Path,25,0
100004,R1221,Returnables,R100022,Bottle 1.5,0.05,EUR,R1000,True,Deviant,32,1
1000050,R1113,Frozen foods,R100004,"'Sophia l.' pizza, 3-pack",3.7,EUR,0000003021,True,Deviant,4,1
1000052,R1114,Preserves,R100005,RAVIOLI 'LA MAMMA',0.36,EUR,0000003021,False,Happy Path,29,0
1000063,001,Metal processing,100-120,Flat gasket,23.5,EUR,0000001011,False,Happy Path,32,0
1000067,001,Metal processing,100-310,Slug for Shaft,24.5,EUR,0000001011,False,Happy Path,33,0
1000073,001,Metal processing,100-510,Ball bearing,10.19,USD,R3001,True,Deviant,39,1
100009,R1111,Dairy,R100001,Fauna margarine,0.41,EUR,R1000,False,Happy Path,26,0
1000091,R1131,Tools,R100009,Screwdriver (cross-head),1.98,USD,0000005550,True,Deviant,4,1
1000100,R1133,Household/cosmetics,R100014,Body lotion 'Alabaster',2.99,USD,0000005560,False,Happy Path,21,0
1000112,R1132,Sport,R100012,Skateboard 'Hells Bells',67.0,USD,0000005550,True,Deviant,39,1
1000113,R1132,Sport,R100012,Skateboard 'Hells Bells',67.0,EUR,R1001,True,Deviant,35,1
1000114,R1132,Sport,R100012,Skateboard 'Hells Bells',67.0,EUR,R1001,True,Deviant,38,1
1000117,009,Accessories,1400-200,Deluxe Taillight,11.8,EUR,R1001,False,Happy Path,34,0
100012,R1221,Returnables,R100022,Bottle 1.5,0.14,EUR,R1000,False,Happy Path,31,0
1000121,009,Accessories,1400-750,Deluxe Gas Tank Striping Decals,8.19,EUR,R1001,False,Happy Path,32,0
1000122,R1131,Tools,R100010,"Hammer, 20 oz framing",4.46,EUR,R1001,False,Happy Path,36,0
1000147,R1114,Preserves,R100005,RAVIOLI 'LA MAMMA',0.86,USD,R1000,False,Happy Path,22,0
1000148,R1114,Preserves,R100005,RAVIOLI 'LA MAMMA',0.86,USD,R1000,False,Happy Path,28,0
1000154,R1121,Perishables,R100007,"Net of oranges, 4 lb",2.12,USD,R1000,True,Deviant,36,1
1000155,R1121,Perishables,R100008,Pepper,2.56,USD,R1000,True,Deviant,38,1
1000167,R1112,Beverages,R100032,Fitdrink 2000 (Can),0.28,EUR,0000003902,True,Deviant,34,2
1000170,R1112,Beverages,R100032,Fitdrink 2000 (Can),0.28,EUR,0000003902,True,Deviant,11,1
1000171,002,Electronics,R-1140,"TFT Monitor, 17"",205,EUR""",3902.0,,,True,Deviant,11,1
1000200,007,Services,,,8017.02,USD,R3000,False,Happy Path,34,0
1000204,003,Bulbs,40-100F,Light Bulb 220/235V 40 watt frosted,0.05,EUR,0000000300,True,Deviant,53,1
1000214,003,Bulbs,40-200Y,Bulb A 40/33x128 yellow EMG,0.01,EUR,0000001001,True,Deviant,4,1
1000215,003,Bulbs,40-210,Helix 40W 220-235V 1000h CC,0.02,EUR,0000001001,True,Deviant,37,1
1000216,003,Bulbs,80-210,Coil 220-235V 80-watt 1000h CC,0.02,EUR,0000001001,True,Deviant,42,1
1000218,003,Bulbs,60-100C,Bulb 220/35V 60-watt frosted,0.05,EUR,0000001001,True,Deviant,38,1
1000229,003,Bulbs,60-200Y,Bulb A 60/33x128 yellow EMG,0.1,EUR,0000001001,False,Happy Path,26,0
1000230,003,Bulbs,60-210,Coil 220-235V 60-watt 1000h CC,0.01,EUR,0000001001,True,Deviant,36,1
1000232,003,Bulbs,80-100F,Bulb 220/35V 80-watt frosted,0.13,EUR,0000001001,False,Happy Path,28,0
1000236,008,Packaging,80-110F,220-235V 80-watt frosted e27 MIG box,0.01,EUR,0000001075,True,Deviant,37,1
1000237,008,Packaging,80-110R,220-235V 80-watt yellow e27 MIG box,0.01,EUR,0000001075,True,Deviant,37,1
100024,R1111,Dairy,R100001,Fauna margarine,0.95,USD,R3000,False,Happy Path,27,0
1000245,003,Bulbs,80-200Y,Bulb A 40/33x128 yellow EMG,0.01,USD,R3002,False,Happy Path,29,0
100026,R1112,Beverages,R100003,Lemonade 1.5 l bottle,0.72,USD,R3000,False,Happy Path,28,0
1000260,00207,Monitors,M-03,Sunny Tetral3,634.0,EUR,0000001015,False,Happy Path,29,0
1000267,00207,Monitors,M-10,Flatscreen MS 1775P,818.1,EUR,0000001025,False,Happy Path,31,0
1000271,00207,Monitors,M-14,MAG PA/DX 175,562.39,EUR,0000001025,False,Happy Path,34,0
1000304,00208,Hard disks,DPC1004,Harddisk 42.94 GB / SCSI-2-Fast,637.1,EUR,0000001005,False,Happy Path,36,0
1000305,00208,Hard disks,DPC1005,Harddisk 21.13 GB /  ATA-2,180.0,EUR,0000001005,False,Happy Path,34,0
1000306,00210,Input Devices,DPC1009,Standard Keyboard - EURO Model,16.6,EUR,0000001005,False,Happy Path,36,0
1000310,00210,Input Devices,DPC1013,Professional keyboard - NATURAL Model,35.39,EUR,0000001005,False,Happy Path,31,0
1000313,012,Hardware,DPC1016,"SIM-Module 8M x 36, 70 ns",67.9,EUR,0000001011,False,Happy Path,32,0
1000314,012,Hardware,DPC1017,"SIM-Module 4M x 36, 70 ns",37.89,EUR,0000001011,False,Happy Path,30,0
1000324,001,Metal processing,100-431,Mains adaptor 100 - 240 V,1.42,USD,R3000,False,Happy Path,30,0
1000330,001,Metal processing,103-110,Slug for spiral casing--chrome steel,35.79,USD,R3000,True,Deviant,37,1
100036,R1111,Dairy,R100000,Yoghurt all natural,0.27,EUR,R1000,False,Happy Path,29,0
1000372,0201,Motorcycles,1400-300,SunFun / 1200 cm3,3681.3,EUR,0000001011,True,Deviant,48,2
1000375,009,Accessories,1400-750,Deluxe Gas Tank Striping Decals,8.19,EUR,R1000,True,Deviant,13,1
1000397,R1133,Household/cosmetics,R100013,Shampoo 'Splash',1.14,EUR,0000003021,False,Happy Path,27,0
1000404,R1134,Electro,R100016,Tuner X300,114.14,EUR,0000005550,False,Happy Path,29,0
1000420,008,Packaging,40-110R,220-235V 40-watt red e27 MIG box,0.01,EUR,0000000300,False,Happy Path,33,0
1000426,003,Bulbs,40-210,Helix 40W 220-235V 1000h CC,0.02,EUR,0000001001,True,Deviant,35,1
1000432,003,Bulbs,60-100Y,Bulb 220/35V 60-watt yellow,0.26,EUR,0000001001,True,Deviant,40,1
1000434,008,Packaging,60-110F,220-235V 60-watt frosted e27 MIG box,0.01,EUR,0000001001,True,Deviant,38,1
100044,R1111,Dairy,R100000,Yoghurt all natural,0.27,EUR,R1000,True,Deviant,40,1
1000441,003,Bulbs,60-210,Coil 220-235V 60-watt 1000h CC,0.01,EUR,0000001001,True,Deviant,39,1
1000443,003,Bulbs,80-100F,Bulb 220/35V 80-watt frosted,0.13,EUR,0000001001,True,Deviant,37,1
1000444,003,Bulbs,80-100R,Bulb 220/35V 80-watt red,0.3,EUR,0000001001,True,Deviant,42,1
1000445,003,Bulbs,80-100Y,Bulb 220/35V 80-watt yellow,0.26,EUR,0000001001,False,Happy Path,30,0
1000471,00208,Hard disks,DPC1004,Harddisk 42.94 GB / SCSI-2-Fast,637.1,EUR,0000001005,False,Happy Path,29,0
1000477,00210,Input Devices,DPC1013,Professional keyboard - NATURAL Model,35.39,EUR,0000001005,False,Happy Path,35,0
1000479,012,Hardware,DPC1015,"SIM-Modul 256 MB 16M x 32, 70 ns",97.2,EUR,0000001005,False,Happy Path,23,0
1000482,00202,Motherboards,DPC1019,Processor  700  MHz,197.19,EUR,0000001005,True,Deviant,38,1
1000495,R1112,Beverages,R100003,Lemonade 1.5 l bottle,0.4,USD,R3000,True,Deviant,46,2
1000500,R1111,Dairy,R100001,Fauna margarine,0.95,USD,R3000,True,Deviant,33,1
1000506,R1122,Deli,R100002,Salami parma,49.5,EUR,0000001010,False,Happy Path,27,0
1000513,00207,Monitors,M-02,Sunny Xa1,634.0,EUR,0000001015,False,Happy Path,29,0
1000514,00207,Monitors,M-03,Sunny Tetral3,634.0,EUR,0000001015,False,Happy Path,36,0
1000515,00207,Monitors,M-04,Sunny Extreme,659.6,EUR,0000001015,False,Happy Path,33,0
1000522,00207,Monitors,M-11,Flatscreen MS 1785P,869.2,EUR,0000001015,True,Deviant,39,1
1000523,00207,Monitors,M-12,MAG DX 15F/Fe,511.3,EUR,R1000,True,Deviant,36,1
1000526,00207,Monitors,M-15,SEC Multisync XV15,710.7,EUR,R1000,True,Deviant,54,1
1000528,00207,Monitors,M-17,Jotachi SN4000,920.29,EUR,R1000,False,Happy Path,29,0
1000533,R1111,Dairy,R100000,Yoghurt all natural,0.27,EUR,0000003745,False,Happy Path,30,0
1000536,R1111,Dairy,R100001,Fauna margarine,0.41,EUR,0000003745,True,Deviant,42,2
1000558,001,Metal processing,100-210,Slug for fly wheel,51.1,EUR,0000001011,False,Happy Path,32,0
100056,R1221,Returnables,R100023,Crate 12 bottles,1.5,USD,R3000,True,Deviant,32,2
1000561,001,Metal processing,100-420,Circuit board M-1000,10.4,EUR,0000001011,False,Happy Path,24,0
1000563,001,Metal processing,100-431,Mains adaptor 100 - 240 V,1.42,USD,R3000,True,Deviant,41,1
1000564,001,Metal processing,100-432,Cable structure,1.02,USD,R3000,True,Deviant,37,1
1000570,001,Metal processing,103-410,Slug for pressure cover--chrome steel,15.3,USD,R3000,False,Happy Path,29,0
1000571,R1111,Dairy,R100000,Yoghurt all natural,0.53,USD,R3000,False,Happy Path,20,0
1000573,R1122,Deli,R100002,Salami parma,49.5,USD,0000005550,False,Happy Path,22,0
100059,R1112,Beverages,R100003,Lemonade 1.5 l bottle,0.72,USD,R3000,True,Deviant,65,2
1000612,0201,Motorcycles,1400-310,CrossFun / 350 cm3,3732.42,EUR,0000001011,False,Happy Path,34,0
100062,R1221,Returnables,R100022,Bottle 1.5,0.05,EUR,R1000,True,Deviant,29,1
1000627,R1111,Dairy,R100000,Yoghurt all natural,0.53,USD,0000003745,False,Happy Path,27,0
1000631,R1111,Dairy,R100001,Fauna margarine,0.95,USD,0000003745,False,Happy Path,28,0
1000640,R1114,Preserves,R100005,RAVIOLI 'LA MAMMA',0.86,USD,0000005550,False,Happy Path,30,0
1000646,R1121,Perishables,R100007,"Net of oranges, 4 lb",2.12,USD,0000005560,True,Deviant,36,1
1000647,R1121,Perishables,R100007,"Net of oranges, 4 lb",2.12,USD,0000005560,True,Deviant,31,1
1000683,R1134,Electro,R100016,Tuner X300,114.14,EUR,0000005550,False,Happy Path,23,0
100069,R1221,Returnables,R100023,Crate 12 bottles,1.53,EUR,R1000,False,Happy Path,31,0
1000704,002,Electronics,THT-00-06,Laser Printer,179.0,USD,0000003021,True,Deviant,13,1
1000712,002,Electronics,THT-00-14,Laser Printer,179.0,USD,0000003021,False,Happy Path,28,0
1000713,002,Electronics,THT-00-15,Laser Printer,179.0,USD,0000003021,False,Happy Path,23,0
1000715,002,Electronics,THT-00-17,Laser Printer,179.0,USD,0000003021,False,Happy Path,23,0
1000718,002,Electronics,THT-00-20,Laser Printer,179.0,USD,0000003021,False,Happy Path,27,0
1000719,002,Electronics,THT-00-21,Laser Printer,179.0,USD,0000003021,False,Happy Path,23,0
1000721,002,Electronics,THT-00-23,Laser Printer,179.0,USD,0000003021,False,Happy Path,25,0
100073,R1111,Dairy,R100001,Fauna margarine,0.41,EUR,R1000,False,Happy Path,30,0
1000733,002,Electronics,THT-00-35,Laser Printer,179.0,USD,0000003021,True,Deviant,23,1
1000738,002,Electronics,THT-00-40,Laser Printer,179.0,USD,0000003021,False,Happy Path,26,0
1000002,R1132,Sport,R100011,Basketball 'Professional',13.5,USD,R3002,True,Deviant,25,1
1000005,00208,Hard disks,DPC1003,Harddisk 180 GB / SCSI-2-Fast,309.3,EUR,0000001005,True,Deviant,35,1
1000006,00208,Hard disks,DPC1004,Harddisk 42.94 GB / SCSI-2-Fast,637.1,EUR,0000001005,True,Deviant,11,1
1000007,00208,Hard disks,DPC1005,Harddisk 21.13 GB /  ATA-2,180.0,EUR,0000001005,True,Deviant,11,1
1000011,00210,Input Devices,DPC1012,Professional keyboard - MAXITEC Model,26.0,EUR,0000001005,False,Happy Path,34,0
1000016,012,Hardware,DPC1017,"SIM-Module 4M x 36, 70 ns",37.89,EUR,0000001010,False,Happy Path,37,0
1000023,00207,Monitors,M-05,Microsoft Lizenzen,286.3,EUR,0000001020,False,Happy Path,33,0
1000024,00207,Monitors,M-06,Flatscreen MS 1460 P,557.29,EUR,0000001020,False,Happy Path,28,0
1000025,00207,Monitors,M-07,Flatscreen LE 64P,567.5,EUR,0000001020,False,Happy Path,34,0
1000028,00207,Monitors,M-10,Flatscreen MS 1775P,818.1,EUR,0000001020,False,Happy Path,26,0
1000032,00207,Monitors,M-14,MAG PA/DX 175,562.39,EUR,0000001020,True,Deviant,42,1
1000033,00207,Monitors,M-15,SEC Multisync XV15,710.7,EUR,0000005550,True,Deviant,41,2
1000039,R1111,Dairy,R100000,Yoghurt all natural,0.27,EUR,0000005550,False,Happy Path,32,0
1000040,R1111,Dairy,R100000,Yoghurt all natural,0.27,EUR,0000005550,False,Happy Path,29,0
1000045,R1122,Deli,R100002,Salami parma,1.25,EUR,0000003021,True,Deviant,38,1
1000048,R1113,Frozen foods,R100004,"'Sophia l.' pizza, 3-pack",3.7,EUR,0000003021,True,Deviant,12,1
1000049,R1113,Frozen foods,R100004,"'Sophia l.' pizza, 3-pack",3.7,EUR,0000003021,True,Deviant,32,1
1000051,R1114,Preserves,R100005,RAVIOLI 'LA MAMMA',0.36,EUR,0000003021,False,Happy Path,36,0
1000053,R1114,Preserves,R100005,RAVIOLI 'LA MAMMA',0.36,EUR,R1000,False,Happy Path,31,0
1000057,R1121,Perishables,R100008,Pepper,1.17,EUR,R1000,False,Happy Path,32,0
1000062,R1131,Tools,R100009,Screwdriver (cross-head),2.39,EUR,R1000,False,Happy Path,29,0
1000068,001,Metal processing,100-420,Circuit board M-1000,10.4,EUR,0000001011,False,Happy Path,25,0
100007,R1221,Returnables,R100023,Crate 12 bottles,1.5,EUR,R1000,False,Happy Path,21,0
100008,R1111,Dairy,R100000,Yoghurt all natural,0.27,EUR,R1000,False,Happy Path,29,0
1000080,R1122,Deli,R100002,Salami parma,49.5,USD,R3001,False,Happy Path,28,0
1000085,R1114,Preserves,R100026,Meyer's cream of mushroom soup,1.08,USD,0000005550,True,Deviant,35,2
1000087,R1112,Beverages,R100032,Fitdrink 2000 (Can),0.33,USD,0000005550,True,Deviant,34,1
100010,R1122,Deli,R100002,Salami parma,25.1,EUR,R1000,False,Happy Path,31,0
1000102,R1133,Household/cosmetics,R100014,Body lotion 'Alabaster',2.99,USD,0000005560,False,Happy Path,21,0
1000106,R1134,Electro,R100016,Tuner X300,191.68,USD,0000005550,False,Happy Path,27,0
1000108,R1132,Sport,R100011,Basketball 'Professional',13.5,USD,0000005550,False,Happy Path,25,0
1000115,R1132,Sport,R100012,Skateboard 'Hells Bells',67.0,EUR,R1001,True,Deviant,38,1
1000128,R1114,Preserves,R100026,Meyer's cream of mushroom soup,0.46,USD,0000003745,True,Deviant,32,1
1000129,R1114,Preserves,R100027,Meyer's goulash soup,0.46,USD,0000003745,True,Deviant,11,1
100013,R1221,Returnables,R100023,Crate 12 bottles,1.53,EUR,R1000,False,Happy Path,28,0
1000135,R1111,Dairy,R100001,Fauna margarine,0.95,USD,R1000,False,Happy Path,22,0
1000149,R1114,Preserves,R100005,RAVIOLI 'LA MAMMA',0.86,USD,R1000,False,Happy Path,24,0
1000150,R1114,Preserves,R100005,RAVIOLI 'LA MAMMA',0.86,USD,R1000,False,Happy Path,22,0
1000152,R1121,Perishables,R100007,"Net of oranges, 4 lb",2.12,USD,R1000,False,Happy Path,25,0
1000162,R1114,Preserves,R100026,Meyer's cream of mushroom soup,1.08,USD,R1000,False,Happy Path,26,0
1000163,R1114,Preserves,R100027,Meyer's goulash soup,1.07,EUR,0000003902,False,Happy Path,25,0
1000173,R1131,Tools,R100010,"Hammer, 20 oz framing",4.62,EUR,0000001003,True,Deviant,3,1
1000184,R1133,Household/cosmetics,R100013,Shampoo 'Splash',1.14,EUR,0000005550,False,Happy Path,31,0
100019,R1112,Beverages,R100003,Lemonade 1.5 l bottle,0.4,EUR,R1000,True,Deviant,11,1
1000190,R1134,Electro,R100016,Tuner X300,114.14,EUR,0000005550,False,Happy Path,26,0
1000203,003,Bulbs,40-100C,Bulb 220/35V 40-watt clear,0.05,EUR,0000000300,False,Happy Path,33,0
1000213,003,Bulbs,40-200R,Bulb A 40/33x128 red EMG,0.01,EUR,0000001001,True,Deviant,40,1
1000220,003,Bulbs,60-100R,Bulb 220/35V 60-watt red,0.26,EUR,0000001001,False,Happy Path,37,0
1000221,003,Bulbs,60-100Y,Bulb 220/35V 60-watt yellow,0.26,EUR,0000001001,True,Deviant,40,1
1000222,008,Packaging,60-110C,220-235V 60-watt clear e27 MIG box,0.01,EUR,0000001001,True,Deviant,35,1
1000223,008,Packaging,60-110F,220-235V 60-watt frosted e27 MIG box,0.01,EUR,0000001001,False,Happy Path,29,0
1000231,003,Bulbs,80-100C,Light Bulb 220/235V 80 watt clear,0.13,EUR,0000001001,True,Deviant,36,1
1000233,003,Bulbs,80-100R,Bulb 220/35V 80-watt red,0.3,EUR,0000001075,False,Happy Path,28,0
1000239,003,Bulbs,YY-220,Pst 125 3.6-3.8/0.65-0.75 113,0.01,EUR,0000001075,False,Happy Path,32,0
1000242,003,Bulbs,80-200C,Bulb A 80/33x128 clear EMG,0.1,EUR,0000001075,False,Happy Path,25,0
100025,R1122,Deli,R100002,Salami parma,49.5,USD,R3000,False,Happy Path,27,0
1000250,003,Bulbs,YY-270,Base E27/27HAL,0.01,USD,R3002,True,Deviant,39,1
1000255,R1134,Electro,R100016,Tuner X300,157.0,EUR,0000001015,True,Deviant,3,1
1000269,00207,Monitors,M-12,MAG DX 15F/Fe,511.3,EUR,0000001025,False,Happy Path,36,0
1000274,00207,Monitors,M-17,Jotachi SN4000,920.29,EUR,R1000,False,Happy Path,29,0
1000276,00207,Monitors,M-19,Jotachi SN5000,557.29,EUR,R1000,True,Deviant,40,1
1000277,00207,Monitors,M-20,Jotachi SN 7000,577.79,EUR,R1000,True,Deviant,46,1
1000281,R1111,Dairy,R100001,Fauna margarine,0.41,EUR,R1000,False,Happy Path,30,0
1000286,R1122,Deli,R100002,Salami parma,1.25,EUR,R1000,False,Happy Path,35,0
1000291,R1114,Preserves,R100005,RAVIOLI 'LA MAMMA',0.36,EUR,R1000,True,Deviant,36,1
1000296,R1121,Perishables,R100008,Pepper,1.17,EUR,0000003902,True,Deviant,3,1
1000298,R1121,Perishables,R100008,Pepper,1.17,EUR,0000003902,False,Happy Path,31,0
1000301,R1131,Tools,R100009,Screwdriver (cross-head),2.39,EUR,0000003902,False,Happy Path,29,0
1000308,00210,Input Devices,DPC1011,Professional keyboard - PROFITEC Model,20.5,EUR,0000001005,False,Happy Path,32,0
1000309,00210,Input Devices,DPC1012,Professional keyboard - MAXITEC Model,26.0,EUR,0000001005,False,Happy Path,35,0
100031,R1112,Beverages,R100003,Lemonade 1.5 l bottle,0.72,EUR,R1000,False,Happy Path,23,0
1000311,012,Hardware,DPC1014,"SIM-Modul M8M x 32, 128MB  DDR-RAM",50.79,EUR,0000001005,False,Happy Path,33,0
1000320,001,Metal processing,100-410,Casing for electronic drive,5.11,EUR,0000001011,True,Deviant,36,1
1000323,001,Metal processing,100-430,Lantern ring,2.6,USD,R3000,False,Happy Path,25,0
1000325,001,Metal processing,100-432,Cable structure,1.02,USD,R3000,False,Happy Path,35,0
1000326,001,Metal processing,100-433,Screw M 6X60,0.51,USD,R3000,False,Happy Path,34,0
100033,R1221,Returnables,R100023,Crate 12 bottles,1.5,EUR,R1000,False,Happy Path,22,0
100034,R1221,Returnables,R100022,Bottle 1.5,0.05,EUR,R1000,False,Happy Path,29,0
1000346,R1131,Tools,R100010,"Hammer, 20 oz framing",10.99,USD,0000005560,False,Happy Path,28,0
1000349,R1131,Tools,R100010,"Hammer, 20 oz framing",10.99,USD,0000005560,False,Happy Path,24,0
1000365,R1132,Sport,R100011,Basketball 'Professional',13.5,EUR,0000001011,False,Happy Path,29,0
1000378,R1132,Sport,R100012,Skateboard 'Hells Bells',35.43,EUR,R1000,True,Deviant,4,1
1000387,R1131,Tools,R100010,"Hammer, 20 oz framing",4.62,EUR,0000005550,False,Happy Path,32,0
1000392,R1132,Sport,R100011,Basketball 'Professional',4.55,EUR,0000005550,False,Happy Path,35,0
1000396,R1133,Household/cosmetics,R100013,Shampoo 'Splash',1.14,EUR,0000003021,False,Happy Path,32,0
1000401,R1133,Household/cosmetics,R100014,Body lotion 'Alabaster',1.35,EUR,0000003021,True,Deviant,38,1
1000406,R1114,Preserves,R100026,Meyer's cream of mushroom soup,0.46,EUR,0000005550,False,Happy Path,28,0
100041,R1221,Returnables,R100023,Crate 12 bottles,1.53,EUR,R1000,False,Happy Path,22,0
1000411,R1112,Beverages,R100032,Fitdrink 2000 (Can),0.28,EUR,0000005550,True,Deviant,31,2
1000415,003,Bulbs,40-100F,Light Bulb 220/235V 40 watt frosted,0.05,EUR,0000000300,True,Deviant,33,1
1000419,008,Packaging,40-110F,220-235V 40-watt frosted e27 MIG box,0.01,EUR,0000000300,True,Deviant,3,1
1000421,008,Packaging,40-110Y,220-235V 40-watt yellow e27 MIG box,0.01,EUR,0000000300,False,Happy Path,27,0
1000422,003,Bulbs,40-200C,Pistons A 40/33x128 clear EMG,0.1,EUR,0000000300,False,Happy Path,32,0
1000424,003,Bulbs,40-200R,Bulb A 40/33x128 red EMG,0.01,EUR,0000001001,False,Happy Path,33,0
1000427,003,Bulbs,80-210,Coil 220-235V 80-watt 1000h CC,0.02,EUR,0000001001,False,Happy Path,33,0
1000430,003,Bulbs,60-100F,Light Bulb 220/235V 60 watt frosted,0.13,EUR,0000001001,False,Happy Path,33,0
1000431,003,Bulbs,60-100R,Bulb 220/35V 60-watt red,0.26,EUR,0000001001,True,Deviant,35,1
1000440,003,Bulbs,60-200Y,Bulb A 60/33x128 yellow EMG,0.1,EUR,0000001001,True,Deviant,40,1
1000447,008,Packaging,80-110F,220-235V 80-watt frosted e27 MIG box,0.01,EUR,0000001001,True,Deviant,40,1
1000448,008,Packaging,80-110R,220-235V 80-watt yellow e27 MIG box,0.01,EUR,0000001001,False,Happy Path,28,0
1000453,003,Bulbs,80-200C,Bulb A 80/33x128 clear EMG,0.1,USD,R3002,True,Deviant,37,1
1000458,008,Packaging,YY-120,100-piece box,0.26,USD,R3002,True,Deviant,12,1
1000459,003,Bulbs,YY-250,MDH 0.10000 mm bl.ggl,0.51,USD,R3002,True,Deviant,34,1
1000460,003,Bulbs,YY-260,Current conveyor 3 piece,0.01,USD,R3002,True,Deviant,4,1
1000462,R1131,Tools,R100009,Screwdriver (cross-head),20.0,USD,R3002,False,Happy Path,28,0
1000463,R1131,Tools,R100010,"Hammer, 20 oz framing",100.0,EUR,0000001005,False,Happy Path,24,0
1000465,R1133,Household/cosmetics,R100014,Body lotion 'Alabaster',3.04,EUR,0000001005,False,Happy Path,27,0
1000470,00208,Hard disks,DPC1003,Harddisk 180 GB / SCSI-2-Fast,309.3,EUR,0000001005,False,Happy Path,38,0
1000474,00210,Input Devices,DPC1010,Standard Keyboard - EURO-Special Model,16.5,EUR,0000001005,False,Happy Path,27,0
1000476,00210,Input Devices,DPC1012,Professional keyboard - MAXITEC Model,26.0,EUR,0000001005,False,Happy Path,28,0
1000478,012,Hardware,DPC1014,"SIM-Modul M8M x 32, 128MB  DDR-RAM",50.79,EUR,0000001005,False,Happy Path,31,0
1000483,00202,Motherboards,DPC1020,3Processor  500 MHz,23.5,EUR,R1000,True,Deviant,42,1
1000486,R1122,Deli,R100002,Salami parma,25.1,EUR,R1000,False,Happy Path,29,0
1000488,R1221,Returnables,R100022,Bottle 1.5,0.14,EUR,R1000,False,Happy Path,35,0
1000490,R1113,Frozen foods,R100004,"'Sophia l.' pizza, 3-pack",3.7,EUR,R1000,False,Happy Path,27,0
1000491,R1114,Preserves,R100005,RAVIOLI 'LA MAMMA',0.39,EUR,R1000,False,Happy Path,32,0
1000492,R1111,Dairy,R100000,Yoghurt all natural,0.27,EUR,R1000,False,Happy Path,38,0
1000494,R1122,Deli,R100002,Salami parma,25.1,USD,R3000,True,Deviant,25,1
1000496,R1221,Returnables,R100022,Bottle 1.5,0.14,USD,R3000,True,Deviant,40,1
100050,R1221,Returnables,R100022,Bottle 1.5,0.14,USD,R3000,False,Happy Path,26,0
1000507,R1112,Beverages,R100003,Lemonade 1.5 l bottle,0.72,EUR,0000001010,False,Happy Path,28,0
1000510,R1221,Returnables,R100022,Bottle 1.5,0.05,EUR,0000001010,False,Happy Path,22,0
1000519,00207,Monitors,M-08,Flatscreen MS 1575P,731.2,EUR,0000001015,False,Happy Path,23,0
100052,R1111,Dairy,R100001,Fauna margarine,0.95,USD,R3000,False,Happy Path,22,0
1000529,00207,Monitors,M-18,Jotachi SN4500,920.29,EUR,R1000,False,Happy Path,30,0
1000042,R1111,Dairy,R100001,Fauna margarine,0.41,EUR,0000005550,True,Deviant,37,1
1000046,R1122,Deli,R100002,Salami parma,1.25,EUR,0000003021,True,Deviant,35,1
1000061,R1131,Tools,R100009,Screwdriver (cross-head),2.39,EUR,R1000,False,Happy Path,33,0
1000079,R1111,Dairy,R100001,Fauna margarine,0.95,USD,R3001,False,Happy Path,25,0
1000081,R1113,Frozen foods,R100004,"'Sophia l.' pizza, 3-pack",7.57,USD,R3001,False,Happy Path,25,0
1000086,R1114,Preserves,R100027,Meyer's goulash soup,1.08,USD,0000005550,True,Deviant,31,1
1000088,R1131,Tools,R100009,Screwdriver (cross-head),1.98,USD,0000005550,True,Deviant,12,1
1000105,R1134,Electro,R100016,Tuner X300,191.68,USD,0000005550,False,Happy Path,28,0
1000118,0201,Motorcycles,1400-300,SunFun / 1200 cm3,3681.3,EUR,R1001,False,Happy Path,31,0
1000119,0201,Motorcycles,1400-310,CrossFun / 350 cm3,3732.42,EUR,R1001,False,Happy Path,25,0
1000120,009,Accessories,1400-400,Motorcycle Helmet - Standard,23.01,EUR,R1001,False,Happy Path,29,0
1000127,R1134,Electro,R100016,Tuner X300,114.14,USD,0000003745,True,Deviant,34,1
1000137,R1111,Dairy,R100001,Fauna margarine,0.95,USD,R1000,False,Happy Path,22,0
1000143,R1113,Frozen foods,R100004,"'Sophia l.' pizza, 3-pack",7.15,USD,R1000,False,Happy Path,28,0
1000146,R1113,Frozen foods,R100004,"'Sophia l.' pizza, 3-pack",7.15,USD,R1000,False,Happy Path,23,0
1000159,R1114,Preserves,R100026,Meyer's cream of mushroom soup,1.08,USD,R1000,False,Happy Path,21,0
1000179,R1132,Sport,R100012,Skateboard 'Hells Bells',17.46,EUR,0000001003,False,Happy Path,37,0
1000182,R1133,Household/cosmetics,R100013,Shampoo 'Splash',1.14,EUR,0000001003,False,Happy Path,34,0
1000186,R1133,Household/cosmetics,R100014,Body lotion 'Alabaster',1.35,EUR,0000005550,False,Happy Path,29,0
1000191,R1114,Preserves,R100026,Meyer's cream of mushroom soup,0.46,EUR,0000005550,False,Happy Path,31,0
1000194,R1114,Preserves,R100027,Meyer's goulash soup,0.46,USD,R3000,True,Deviant,41,1
1000197,R1112,Beverages,R100032,Fitdrink 2000 (Can),0.28,USD,R3000,True,Deviant,42,1
1000198,R1112,Beverages,R100032,Fitdrink 2000 (Can),0.28,USD,R3000,False,Happy Path,30,0
1000199,R1112,Beverages,R100032,Fitdrink 2000 (Can),0.28,USD,R3000,False,Happy Path,32,0
1000244,003,Bulbs,80-200R,Bulb A 80/33x128 red EMG,0.1,USD,R3002,False,Happy Path,29,0
1000253,R1133,Household/cosmetics,R100013,Shampoo 'Splash',2.85,EUR,0000001015,True,Deviant,11,1
1000285,R1122,Deli,R100002,Salami parma,1.25,EUR,R1000,False,Happy Path,30,0
1000287,R1113,Frozen foods,R100004,"'Sophia l.' pizza, 3-pack",3.7,EUR,R1000,False,Happy Path,27,0
1000295,R1121,Perishables,R100007,"Net of oranges, 4 lb",2.29,EUR,0000003902,True,Deviant,35,1
1000319,001,Metal processing,100-210,Slug for fly wheel,51.1,EUR,0000001011,True,Deviant,42,1
1000328,001,Metal processing,100-600,Support base,51.1,USD,R3000,False,Happy Path,36,0
1000332,R1111,Dairy,R100000,Yoghurt all natural,0.53,USD,R3000,True,Deviant,27,1
1000348,R1131,Tools,R100010,"Hammer, 20 oz framing",10.99,USD,0000005560,False,Happy Path,25,0
1000350,R1133,Household/cosmetics,R100013,Shampoo 'Splash',2.62,USD,0000005560,False,Happy Path,30,0
1000351,R1133,Household/cosmetics,R100013,Shampoo 'Splash',2.62,USD,0000005560,False,Happy Path,30,0
1000360,R1134,Electro,R100016,Tuner X300,177.34,USD,0000003021,True,Deviant,34,1
1000361,R1134,Electro,R100016,Tuner X300,177.34,USD,0000003021,True,Deviant,35,1
1000376,R1131,Tools,R100010,"Hammer, 20 oz framing",4.46,EUR,R1000,True,Deviant,11,1
1000379,R1133,Household/cosmetics,R100013,Shampoo 'Splash',1.13,EUR,R1000,False,Happy Path,33,0
1000388,R1131,Tools,R100010,"Hammer, 20 oz framing",4.62,EUR,0000005550,False,Happy Path,32,0
1000423,003,Bulbs,40-200F,Pistons A 40/33x128  matt EMG,0.1,EUR,0000001001,True,Deviant,44,1
1000469,00208,Hard disks,DPC1002,Harddisk 10.80 GB  / SCSI-2-Fast,157.9,EUR,0000001005,False,Happy Path,37,0
1000534,R1111,Dairy,R100000,Yoghurt all natural,0.27,EUR,0000003745,True,Deviant,34,1
1000541,R1113,Frozen foods,R100004,"'Sophia l.' pizza, 3-pack",3.7,EUR,0000003745,True,Deviant,33,1
1000550,R1121,Perishables,R100008,Pepper,1.17,EUR,0000005560,False,Happy Path,32,0
1000555,R1131,Tools,R100009,Screwdriver (cross-head),2.39,EUR,0000001011,False,Happy Path,30,0
1000577,R1121,Perishables,R100008,Pepper,2.56,USD,0000005550,True,Deviant,33,2
1000595,R1133,Household/cosmetics,R100014,Body lotion 'Alabaster',3.04,USD,0000003745,False,Happy Path,22,0
1000597,R1134,Electro,R100016,Tuner X300,176.0,USD,0000003745,False,Happy Path,26,0
1000610,009,Accessories,1400-200,Deluxe Taillight,11.8,EUR,0000001011,False,Happy Path,35,0
1000617,R1132,Sport,R100012,Skateboard 'Hells Bells',35.43,EUR,R1000,True,Deviant,32,1
1000620,R1134,Electro,R100016,Tuner X300,114.14,EUR,R1000,True,Deviant,38,1
1000622,R1114,Preserves,R100027,Meyer's goulash soup,0.46,EUR,R1000,True,Deviant,14,1
1000635,R1122,Deli,R100002,Salami parma,2.47,USD,0000005550,False,Happy Path,20,0
1000637,R1113,Frozen foods,R100004,"'Sophia l.' pizza, 3-pack",7.34,USD,0000005550,False,Happy Path,24,0
1000639,R1113,Frozen foods,R100004,"'Sophia l.' pizza, 3-pack",7.34,USD,0000005550,False,Happy Path,25,0
1000653,R1114,Preserves,R100026,Meyer's cream of mushroom soup,1.08,USD,0000005550,False,Happy Path,21,0
1000658,R1114,Preserves,R100027,Meyer's goulash soup,1.07,USD,0000005550,True,Deviant,29,1
1000665,002,Electronics,R-1130,"Keyboard, English International",15.0,EUR,0000005550,True,Deviant,6,1
1000671,R1132,Sport,R100011,Basketball 'Professional',4.58,EUR,0000005550,False,Happy Path,28,0
1000680,R1133,Household/cosmetics,R100014,Body lotion 'Alabaster',1.35,EUR,0000005550,False,Happy Path,30,0
1000686,R1114,Preserves,R100026,Meyer's cream of mushroom soup,0.46,EUR,0000005550,True,Deviant,44,1
1000689,R1114,Preserves,R100027,Meyer's goulash soup,0.46,EUR,0000005550,True,Deviant,39,1
1000705,002,Electronics,THT-00-07,Laser Printer,179.0,USD,0000003021,True,Deviant,26,1
1000710,002,Electronics,THT-00-12,Laser Printer,179.0,USD,0000003021,False,Happy Path,24,0
1000711,002,Electronics,THT-00-13,Laser Printer,179.0,USD,0000003021,False,Happy Path,28,0
1000723,002,Electronics,THT-00-25,Laser Printer,179.0,USD,0000003021,False,Happy Path,30,0
1000009,00210,Input Devices,DPC1010,Standard Keyboard - EURO-Special Model,16.5,EUR,0000001005,True,Deviant,5,1
1000013,012,Hardware,DPC1014,"SIM-Modul M8M x 32, 128MB  DDR-RAM",50.79,EUR,0000001010,False,Happy Path,31,0
1000014,012,Hardware,DPC1015,"SIM-Modul 256 MB 16M x 32, 70 ns",97.2,EUR,0000001010,False,Happy Path,34,0
1000021,00207,Monitors,M-03,Sunny Tetral3,634.0,EUR,0000001010,False,Happy Path,32,0
1000022,00207,Monitors,M-04,Sunny Extreme,659.6,EUR,0000001010,False,Happy Path,29,0
1000029,00207,Monitors,M-11,Flatscreen MS 1785P,869.2,EUR,0000001020,False,Happy Path,31,0
1000030,00207,Monitors,M-12,MAG DX 15F/Fe,511.3,EUR,0000001020,True,Deviant,36,1
1000031,00207,Monitors,M-13,MAG DX 17F,536.89,EUR,0000001020,True,Deviant,35,2
100005,R1221,Returnables,R100023,Crate 12 bottles,1.5,EUR,R1000,True,Deviant,37,1
1000055,R1121,Perishables,R100007,"Net of oranges, 4 lb",2.29,EUR,R1000,False,Happy Path,31,0
1000069,001,Metal processing,100-430,Lantern ring,2.6,EUR,0000001011,False,Happy Path,33,0
1000071,001,Metal processing,100-432,Cable structure,1.02,EUR,0000001011,True,Deviant,40,1
1000075,001,Metal processing,100-700,Sheet metal ST37,2.56,USD,R3001,False,Happy Path,26,0
1000077,001,Metal processing,103-410,Slug for pressure cover--chrome steel,15.3,USD,R3001,False,Happy Path,31,0
1000082,R1114,Preserves,R100005,RAVIOLI 'LA MAMMA',0.86,USD,R3001,False,Happy Path,28,0
100016,R1111,Dairy,R100000,Yoghurt all natural,0.27,EUR,R1000,True,Deviant,41,2
1000168,R1112,Beverages,R100032,Fitdrink 2000 (Can),0.28,EUR,0000003902,True,Deviant,33,1
100017,R1111,Dairy,R100001,Fauna margarine,0.41,EUR,R1000,True,Deviant,37,1
1000209,008,Packaging,40-110R,220-235V 40-watt red e27 MIG box,0.01,EUR,0000000300,True,Deviant,36,2
100021,R1221,Returnables,R100023,Crate 12 bottles,1.53,USD,R3000,True,Deviant,32,1
1000224,008,Packaging,60-110R,220-235V 60-watt red e27 MIG box,0.01,EUR,0000001001,True,Deviant,36,1
100023,R1113,Frozen foods,R100004,"'Sophia l.' pizza, 3-pack",3.7,USD,R3000,False,Happy Path,36,0
1000234,003,Bulbs,80-100Y,Bulb 220/35V 80-watt yellow,0.26,EUR,0000001075,False,Happy Path,24,0
1000240,003,Bulbs,YY-230,Plate 125 11.4-11.8 30.5,0.01,EUR,0000001075,False,Happy Path,26,0
1000241,003,Bulbs,YY-240,Base mounting kit A 1.01,5.11,EUR,0000001075,False,Happy Path,31,0
1000247,008,Packaging,YY-120,100-piece box,0.26,USD,R3002,True,Deviant,33,2
1000258,00207,Monitors,M-01,Sunny Sunny 01,542.0,EUR,0000001015,False,Happy Path,38,0
1000262,00207,Monitors,M-05,Microsoft Lizenzen,286.3,EUR,0000001015,False,Happy Path,33,0
1000263,00207,Monitors,M-06,Flatscreen MS 1460 P,557.29,EUR,0000001025,False,Happy Path,36,0
1000266,00207,Monitors,M-09,Flatscreen MS 1585,777.2,EUR,0000001025,False,Happy Path,31,0
100027,R1221,Returnables,R100022,Bottle 1.5,0.05,USD,R3000,False,Happy Path,31,0
100029,R1111,Dairy,R100001,Fauna margarine,0.95,USD,R3000,False,Happy Path,29,0
1000292,R1114,Preserves,R100005,RAVIOLI 'LA MAMMA',0.36,EUR,R1000,True,Deviant,41,1
1000315,00202,Motherboards,DPC1019,Processor  700  MHz,197.19,EUR,0000001011,False,Happy Path,26,0
1000327,001,Metal processing,100-510,Ball bearing,10.19,USD,R3000,False,Happy Path,29,0
1000331,001,Metal processing,103-410,Slug for pressure cover--chrome steel,15.3,USD,R3000,True,Deviant,49,2
1000343,R1131,Tools,R100009,Screwdriver (cross-head),2.0,USD,0000005560,False,Happy Path,30,0
1000345,R1131,Tools,R100009,Screwdriver (cross-head),2.0,USD,0000005560,False,Happy Path,27,0
100035,R1221,Returnables,R100023,Crate 12 bottles,1.5,EUR,R1000,False,Happy Path,29,0
1000357,R1133,Household/cosmetics,R100014,Body lotion 'Alabaster',3.04,USD,0000003021,False,Happy Path,21,0
1000368,R1132,Sport,R100012,Skateboard 'Hells Bells',67.0,EUR,0000001011,False,Happy Path,29,0
1000374,009,Accessories,1400-400,Motorcycle Helmet - Standard,23.01,EUR,R1000,True,Deviant,32,1
1000417,003,Bulbs,40-100Y,Bulb 220/35V 40-watt yellow,0.11,EUR,0000000300,True,Deviant,11,1
1000418,008,Packaging,40-110C,40 W clear 220-235V e27 MIG Carton,0.01,EUR,0000000300,True,Deviant,37,1
1000425,003,Bulbs,40-200Y,Bulb A 40/33x128 yellow EMG,0.01,EUR,0000001001,True,Deviant,39,1
1000433,008,Packaging,60-110C,220-235V 60-watt clear e27 MIG box,0.01,EUR,0000001001,False,Happy Path,26,0
100045,R1111,Dairy,R100001,Fauna margarine,0.41,EUR,R1000,True,Deviant,39,1
100047,R1112,Beverages,R100003,Lemonade 1.5 l bottle,0.4,EUR,R1000,False,Happy Path,25,0
1000473,00210,Input Devices,DPC1009,Standard Keyboard - EURO Model,16.6,EUR,0000001005,False,Happy Path,33,0
1000480,012,Hardware,DPC1016,"SIM-Module 8M x 36, 70 ns",67.9,EUR,0000001005,False,Happy Path,27,0
1000481,012,Hardware,DPC1017,"SIM-Module 4M x 36, 70 ns",37.89,EUR,0000001005,True,Deviant,43,1
1000487,R1112,Beverages,R100003,Lemonade 1.5 l bottle,0.4,EUR,R1000,False,Happy Path,34,0
100049,R1221,Returnables,R100023,Crate 12 bottles,1.53,EUR,R1000,False,Happy Path,29,0
1000501,R1122,Deli,R100002,Salami parma,49.5,USD,R3000,True,Deviant,3,1
1000503,R1221,Returnables,R100022,Bottle 1.5,0.05,EUR,0000001010,False,Happy Path,26,0
1000505,R1111,Dairy,R100001,Fauna margarine,0.95,EUR,0000001010,False,Happy Path,25,0
100051,R1113,Frozen foods,R100004,"'Sophia l.' pizza, 3-pack",3.7,USD,R3000,False,Happy Path,33,0
1000525,00207,Monitors,M-14,MAG PA/DX 175,562.39,EUR,R1000,True,Deviant,41,1
100053,R1122,Deli,R100002,Salami parma,49.5,USD,R3000,False,Happy Path,31,0
100054,R1112,Beverages,R100003,Lemonade 1.5 l bottle,0.72,USD,R3000,False,Happy Path,30,0
1000542,R1113,Frozen foods,R100004,"'Sophia l.' pizza, 3-pack",3.7,EUR,0000003745,True,Deviant,6,1
1000544,R1114,Preserves,R100005,RAVIOLI 'LA MAMMA',0.36,EUR,0000005560,False,Happy Path,28,0
100055,R1221,Returnables,R100022,Bottle 1.5,0.05,USD,R3000,True,Deviant,24,2
1000560,001,Metal processing,100-310,Slug for Shaft,24.5,EUR,0000001011,False,Happy Path,26,0
1000562,001,Metal processing,100-430,Lantern ring,2.6,EUR,0000001011,False,Happy Path,28,0
1000567,001,Metal processing,100-600,Support base,51.1,USD,R3000,False,Happy Path,34,0
1000568,001,Metal processing,100-700,Sheet metal ST37,2.56,USD,R3000,False,Happy Path,29,0
1000569,001,Metal processing,103-110,Slug for spiral casing--chrome steel,35.79,USD,R3000,False,Happy Path,34,0
1000606,R1132,Sport,R100012,Skateboard 'Hells Bells',67.0,EUR,0000001011,True,Deviant,33,1
1000626,R1111,Dairy,R100000,Yoghurt all natural,0.53,USD,0000003745,False,Happy Path,27,0
100064,R1111,Dairy,R100000,Yoghurt all natural,0.27,EUR,R1000,False,Happy Path,31,0
1000645,R1121,Perishables,R100007,"Net of oranges, 4 lb",2.12,USD,0000005560,True,Deviant,32,1
1000649,R1121,Perishables,R100008,Pepper,2.56,USD,0000005560,False,Happy Path,24,0
100065,R1111,Dairy,R100001,Fauna margarine,0.41,EUR,R1000,False,Happy Path,31,0
1000656,R1114,Preserves,R100027,Meyer's goulash soup,1.07,USD,0000005550,False,Happy Path,27,0
100066,R1122,Deli,R100002,Salami parma,25.1,EUR,R1000,False,Happy Path,37,0
1000661,R1112,Beverages,R100032,Fitdrink 2000 (Can),0.29,USD,0000005550,True,Deviant,26,1
1000664,002,Electronics,R-1160,"Harddisk, 20 GB",152.0,EUR,0000005550,True,Deviant,31,1
1000666,002,Electronics,R-1140,"TFT Monitor, 17"",205,EUR""",5550.0,,,False,Happy Path,32,0
100067,R1112,Beverages,R100003,Lemonade 1.5 l bottle,0.4,EUR,R1000,False,Happy Path,33,0
100068,R1221,Returnables,R100022,Bottle 1.5,0.14,EUR,R1000,False,Happy Path,34,0
100072,R1111,Dairy,R100000,Yoghurt all natural,0.27,EUR,R1000,False,Happy Path,33,0
1000000,R1133,Household/cosmetics,R100014,Body lotion 'Alabaster',3.04,USD,R3002,False,Happy Path,21,0
1000004,00208,Hard disks,DPC1002,Harddisk 10.80 GB  / SCSI-2-Fast,157.9,EUR,0000001005,True,Deviant,40,1
1000043,R1111,Dairy,R100001,Fauna margarine,0.41,EUR,0000003021,True,Deviant,29,1
1000058,R1121,Perishables,R100008,Pepper,1.17,EUR,R1000,False,Happy Path,34,0
1000064,001,Metal processing,100-130,Hexagon head screw M10,0.51,EUR,0000001011,False,Happy Path,31,0
1000090,R1131,Tools,R100009,Screwdriver (cross-head),1.98,USD,0000005550,True,Deviant,25,1
1000094,R1131,Tools,R100010,"Hammer, 20 oz framing",10.08,USD,0000005560,False,Happy Path,22,0
1000095,R1131,Tools,R100010,"Hammer, 20 oz framing",10.08,USD,0000005560,False,Happy Path,30,0
1000097,R1133,Household/cosmetics,R100013,Shampoo 'Splash',2.35,USD,0000005560,False,Happy Path,22,0
1000101,R1133,Household/cosmetics,R100014,Body lotion 'Alabaster',2.99,USD,0000005560,False,Happy Path,25,0
1000104,R1134,Electro,R100016,Tuner X300,191.68,USD,0000005550,False,Happy Path,29,0
1000111,R1132,Sport,R100011,Basketball 'Professional',13.5,USD,0000005550,False,Happy Path,24,0
1000125,R1133,Household/cosmetics,R100013,Shampoo 'Splash',1.13,USD,0000003745,True,Deviant,34,1
1000126,R1133,Household/cosmetics,R100014,Body lotion 'Alabaster',1.35,USD,0000003745,True,Deviant,45,2
1000130,R1112,Beverages,R100032,Fitdrink 2000 (Can),0.28,USD,0000003745,True,Deviant,9,1
1000131,R1111,Dairy,R100000,Yoghurt all natural,0.53,USD,0000003745,True,Deviant,25,1
1000133,R1111,Dairy,R100000,Yoghurt all natural,0.53,USD,R1000,False,Happy Path,29,0
1000134,R1111,Dairy,R100000,Yoghurt all natural,0.53,USD,R1000,False,Happy Path,24,0
1000136,R1111,Dairy,R100001,Fauna margarine,0.95,USD,R1000,False,Happy Path,22,0
1000139,R1122,Deli,R100002,Salami parma,2.47,USD,R1000,False,Happy Path,24,0
1000142,R1122,Deli,R100002,Salami parma,2.47,USD,R1000,False,Happy Path,29,0
1000144,R1113,Frozen foods,R100004,"'Sophia l.' pizza, 3-pack",7.15,USD,R1000,False,Happy Path,23,0
1000151,R1121,Perishables,R100007,"Net of oranges, 4 lb",2.12,USD,R1000,False,Happy Path,19,0
1000153,R1121,Perishables,R100007,"Net of oranges, 4 lb",2.12,USD,R1000,True,Deviant,32,1
1000157,R1121,Perishables,R100008,Pepper,2.56,USD,R1000,False,Happy Path,24,0
1000160,R1114,Preserves,R100026,Meyer's cream of mushroom soup,1.08,USD,R1000,False,Happy Path,26,0
1000161,R1114,Preserves,R100026,Meyer's cream of mushroom soup,1.08,USD,R1000,False,Happy Path,20,0
1000177,R1132,Sport,R100011,Basketball 'Professional',4.55,EUR,0000001003,False,Happy Path,38,0
1000181,R1132,Sport,R100012,Skateboard 'Hells Bells',17.46,EUR,0000001003,False,Happy Path,33,0
1000183,R1133,Household/cosmetics,R100013,Shampoo 'Splash',1.14,EUR,0000005550,False,Happy Path,31,0
1000188,R1134,Electro,R100016,Tuner X300,114.14,EUR,0000005550,False,Happy Path,29,0
1000201,R1111,Dairy,R100000,Yoghurt all natural,0.53,USD,R3000,False,Happy Path,27,0
1000211,003,Bulbs,40-200C,Pistons A 40/33x128 clear EMG,0.1,EUR,0000000300,True,Deviant,13,1
1000228,003,Bulbs,60-200R,Bulb A 60/33x128 rot EMG,0.1,EUR,0000001001,True,Deviant,39,1
1000251,R1131,Tools,R100009,Screwdriver (cross-head),20.0,USD,R3002,True,Deviant,31,1
1000278,R1111,Dairy,R100000,Yoghurt all natural,0.27,EUR,R1000,True,Deviant,45,1
1000279,R1111,Dairy,R100000,Yoghurt all natural,0.27,EUR,R1000,True,Deviant,42,1
1000283,R1111,Dairy,R100001,Fauna margarine,0.41,EUR,R1000,False,Happy Path,27,0
1000289,R1113,Frozen foods,R100004,"'Sophia l.' pizza, 3-pack",3.7,EUR,R1000,True,Deviant,25,1
1000297,R1121,Perishables,R100008,Pepper,1.17,EUR,0000003902,False,Happy Path,30,0
1000303,00208,Hard disks,DPC1003,Harddisk 180 GB / SCSI-2-Fast,309.3,EUR,0000001005,False,Happy Path,28,0
1000336,R1114,Preserves,R100005,RAVIOLI 'LA MAMMA',0.86,USD,0000001003,True,Deviant,28,1
1000338,R1121,Perishables,R100008,Pepper,2.56,USD,0000001003,False,Happy Path,24,0
1000355,R1133,Household/cosmetics,R100014,Body lotion 'Alabaster',3.04,USD,0000003021,False,Happy Path,20,0
1000369,R1132,Sport,R100012,Skateboard 'Hells Bells',67.0,EUR,0000001011,False,Happy Path,22,0
1000370,009,Accessories,1400-100,Deluxe Headlight,22.5,EUR,0000001011,True,Deviant,38,1
1000371,009,Accessories,1400-200,Deluxe Taillight,11.8,EUR,0000001011,True,Deviant,30,1
1000382,R1114,Preserves,R100026,Meyer's cream of mushroom soup,0.46,EUR,R1000,False,Happy Path,36,0
1000383,R1114,Preserves,R100027,Meyer's goulash soup,0.46,EUR,0000005550,False,Happy Path,38,0
1000389,R1131,Tools,R100010,"Hammer, 20 oz framing",4.62,EUR,0000005550,False,Happy Path,32,0
1000390,R1132,Sport,R100011,Basketball 'Professional',4.55,EUR,0000005550,False,Happy Path,31,0
1000393,R1132,Sport,R100012,Skateboard 'Hells Bells',17.46,EUR,0000003021,False,Happy Path,27,0
1000394,R1132,Sport,R100012,Skateboard 'Hells Bells',17.46,EUR,0000003021,False,Happy Path,31,0
1000400,R1133,Household/cosmetics,R100014,Body lotion 'Alabaster',1.35,EUR,0000003021,True,Deviant,44,1
1000402,R1134,Electro,R100016,Tuner X300,114.14,EUR,0000003021,True,Deviant,40,1
1000403,R1134,Electro,R100016,Tuner X300,114.14,EUR,0000005550,False,Happy Path,31,0
1000409,R1114,Preserves,R100027,Meyer's goulash soup,0.46,EUR,0000005550,False,Happy Path,35,0
1000412,R1112,Beverages,R100032,Fitdrink 2000 (Can),0.28,EUR,0000005550,True,Deviant,38,1
1000413,R1112,Beverages,R100032,Fitdrink 2000 (Can),0.28,EUR,0000000300,True,Deviant,42,2
1000437,003,Bulbs,60-200C,Bulb A 60/33x128 clear EMG,0.1,EUR,0000001001,True,Deviant,42,1
1000439,003,Bulbs,60-200R,Bulb A 60/33x128 rot EMG,0.1,EUR,0000001001,False,Happy Path,26,0
1000450,003,Bulbs,YY-220,Pst 125 3.6-3.8/0.65-0.75 113,0.01,EUR,0000001001,True,Deviant,38,1
1000451,003,Bulbs,YY-230,Plate 125 11.4-11.8 30.5,0.01,EUR,0000001001,False,Happy Path,30,0
1000454,003,Bulbs,80-200F,Bulb A 80/33x128 frosted EMG,0.1,USD,R3002,True,Deviant,50,2
1000461,003,Bulbs,YY-270,Base E27/27HAL,0.01,USD,R3002,False,Happy Path,34,0
1000466,R1134,Electro,R100016,Tuner X300,157.0,EUR,0000001005,False,Happy Path,22,0
1000538,R1122,Deli,R100002,Salami parma,1.25,EUR,0000003745,True,Deviant,36,1
1000547,R1121,Perishables,R100007,"Net of oranges, 4 lb",2.29,EUR,0000005560,False,Happy Path,33,0
1000548,R1121,Perishables,R100007,"Net of oranges, 4 lb",2.29,EUR,0000005560,False,Happy Path,34,0
1000554,R1131,Tools,R100009,Screwdriver (cross-head),2.39,EUR,0000001011,False,Happy Path,26,0
1000585,R1131,Tools,R100010,"Hammer, 20 oz framing",11.08,USD,0000005550,False,Happy Path,29,0
1000586,R1131,Tools,R100010,"Hammer, 20 oz framing",11.08,USD,0000005550,False,Happy Path,23,0
1000587,R1131,Tools,R100010,"Hammer, 20 oz framing",11.08,USD,0000005550,False,Happy Path,23,0
1000590,R1133,Household/cosmetics,R100013,Shampoo 'Splash',2.64,USD,0000005550,False,Happy Path,30,0
1000593,R1133,Household/cosmetics,R100014,Body lotion 'Alabaster',3.04,USD,0000003745,False,Happy Path,27,0
1000596,R1133,Household/cosmetics,R100014,Body lotion 'Alabaster',3.04,USD,0000003745,False,Happy Path,32,0
1000615,R1131,Tools,R100010,"Hammer, 20 oz framing",4.46,EUR,R1000,False,Happy Path,27,0
1000625,R1111,Dairy,R100000,Yoghurt all natural,0.53,USD,0000003745,False,Happy Path,27,0
1000633,R1122,Deli,R100002,Salami parma,2.47,USD,0000005550,False,Happy Path,30,0
1000634,R1122,Deli,R100002,Salami parma,2.47,USD,0000005550,False,Happy Path,26,0
1000636,R1113,Frozen foods,R100004,"'Sophia l.' pizza, 3-pack",7.34,USD,0000005550,False,Happy Path,22,0
1000642,R1114,Preserves,R100005,RAVIOLI 'LA MAMMA',0.86,USD,0000005550,False,Happy Path,22,0
1000643,R1114,Preserves,R100005,RAVIOLI 'LA MAMMA',0.86,USD,0000005560,False,Happy Path,16,0
1000648,R1121,Perishables,R100008,Pepper,2.56,USD,0000005560,True,Deviant,32,1
1000650,R1121,Perishables,R100008,Pepper,2.56,USD,0000005560,False,Happy Path,23,0
1000663,R1112,Beverages,R100032,Fitdrink 2000 (Can),0.29,EUR,0000005550,True,Deviant,11,1
1000670,R1131,Tools,R100010,"Hammer, 20 oz framing",4.58,EUR,0000005550,False,Happy Path,32,0
1000672,R1132,Sport,R100011,Basketball 'Professional',4.58,EUR,0000005550,False,Happy Path,33,0
1000674,R1132,Sport,R100012,Skateboard 'Hells Bells',17.71,EUR,0000005550,False,Happy Path,36,0
1000675,R1132,Sport,R100012,Skateboard 'Hells Bells',17.71,EUR,0000005550,False,Happy Path,35,0
1000679,R1133,Household/cosmetics,R100013,Shampoo 'Splash',1.14,EUR,0000005550,False,Happy Path,32,0
1000688,R1114,Preserves,R100026,Meyer's cream of mushroom soup,0.46,EUR,0000005550,True,Deviant,41,1
1000690,R1114,Preserves,R100027,Meyer's goulash soup,0.46,EUR,0000005550,False,Happy Path,33,0
1000691,R1114,Preserves,R100027,Meyer's goulash soup,0.46,EUR,0000005550,False,Happy Path,27,0
1000692,R1112,Beverages,R100032,Fitdrink 2000 (Can),0.28,EUR,0000005550,False,Happy Path,34,0
1000695,013,Elevators,,,100000.0,USD,0000003021,False,Happy Path,26,0
1000699,002,Electronics,THT-00-01,Laser Printer,179.0,USD,0000003021,True,Deviant,28,1
1000700,002,Electronics,THT-00-02,Laser Printer,179.0,USD,0000003021,True,Deviant,35,2
1000703,002,Electronics,THT-00-05,Laser Printer,179.0,USD,0000003021,True,Deviant,11,1
1000708,002,Electronics,THT-00-10,Laser Printer,179.0,USD,0000003021,False,Happy Path,28,0
1000709,002,Electronics,THT-00-11,Laser Printer,179.0,USD,0000003021,False,Happy Path,23,0
1000716,002,Electronics,THT-00-18,Laser Printer,179.0,USD,0000003021,False,Happy Path,24,0
1000720,002,Electronics,THT-00-22,Laser Printer,179.0,USD,0000003021,False,Happy Path,27,0
1000725,002,Electronics,THT-00-27,Laser Printer,179.0,USD,0000003021,False,Happy Path,18,0
1000727,002,Electronics,THT-00-29,Laser Printer,179.0,USD,0000003021,True,Deviant,33,1
1000731,002,Electronics,THT-00-33,Laser Printer,179.0,USD,0000003021,False,Happy Path,19,0
1000734,002,Electronics,THT-00-36,Laser Printer,179.0,USD,0000003021,False,Happy Path,25,0
100001,R1111,Dairy,R100001,Fauna margarine,0.95,EUR,R1000,False,Happy Path,17,0
1000012,00210,Input Devices,DPC1013,Professional keyboard - NATURAL Model,35.39,EUR,0000001005,False,Happy Path,27,0
100002,R1122,Deli,R100002,Salami parma,49.5,EUR,R1000,True,Deviant,37,1
100003,R1112,Beverages,R100003,Lemonade 1.5 l bottle,0.72,EUR,R1000,True,Deviant,32,1
1000034,00207,Monitors,M-16,SEC Multisync XV 17,838.5,EUR,0000005550,False,Happy Path,28,0
1000035,00207,Monitors,M-17,Jotachi SN4000,920.29,EUR,0000005550,False,Happy Path,33,0
1000038,00207,Monitors,M-20,Jotachi SN 7000,577.79,EUR,0000005550,False,Happy Path,33,0
100006,R1221,Returnables,R100022,Bottle 1.5,0.05,EUR,R1000,False,Happy Path,29,0
1000070,001,Metal processing,100-431,Mains adaptor 100 - 240 V,1.42,EUR,0000001011,False,Happy Path,27,0
1000072,001,Metal processing,100-433,Screw M 6X60,0.51,EUR,0000001011,True,Deviant,36,1
100011,R1112,Beverages,R100003,Lemonade 1.5 l bottle,0.4,EUR,R1000,False,Happy Path,35,0
100018,R1122,Deli,R100002,Salami parma,25.1,EUR,R1000,True,Deviant,38,1
1000205,003,Bulbs,40-100R,Bulb 220/35V 40-watt red,0.29,EUR,0000000300,False,Happy Path,31,0
1000208,008,Packaging,40-110F,220-235V 40-watt frosted e27 MIG box,0.01,EUR,0000000300,True,Deviant,64,3
1000212,003,Bulbs,40-200F,Pistons A 40/33x128  matt EMG,0.1,EUR,0000000300,True,Deviant,10,1
1000219,003,Bulbs,60-100F,Light Bulb 220/235V 60 watt frosted,0.13,EUR,0000001001,True,Deviant,42,1
1000227,003,Bulbs,60-200F,Bulb A 60/33x128 frosted EMG,0.1,EUR,0000001001,True,Deviant,35,1
1000238,008,Packaging,80-110Y,220-235V 80-watt yellow e27 MIG box,0.01,EUR,0000001075,True,Deviant,40,1
1000243,003,Bulbs,80-200F,Bulb A 80/33x128 frosted EMG,0.1,USD,R3002,True,Deviant,63,1
1000246,003,Bulbs,XX-200,"Foil 330x0,03",0.01,USD,R3002,False,Happy Path,32,0
1000248,003,Bulbs,YY-250,MDH 0.10000 mm bl.ggl,0.51,USD,R3002,True,Deviant,37,1
1000261,00207,Monitors,M-04,Sunny Extreme,659.6,EUR,0000001015,False,Happy Path,35,0
1000265,00207,Monitors,M-08,Flatscreen MS 1575P,731.2,EUR,0000001025,False,Happy Path,28,0
1000270,00207,Monitors,M-13,MAG DX 17F,536.89,EUR,0000001025,False,Happy Path,31,0
1000272,00207,Monitors,M-15,SEC Multisync XV15,710.7,EUR,0000001025,False,Happy Path,33,0
100028,R1221,Returnables,R100023,Crate 12 bottles,1.5,USD,R3000,False,Happy Path,21,0
1000299,R1131,Tools,R100009,Screwdriver (cross-head),2.39,EUR,0000003902,False,Happy Path,33,0
100030,R1122,Deli,R100002,Salami parma,49.5,EUR,R1000,False,Happy Path,23,0
1000302,00208,Hard disks,DPC1002,Harddisk 10.80 GB  / SCSI-2-Fast,157.9,EUR,0000003902,False,Happy Path,29,0
1000307,00210,Input Devices,DPC1010,Standard Keyboard - EURO-Special Model,16.5,EUR,0000001005,False,Happy Path,28,0
1000316,00202,Motherboards,DPC1020,3Processor  500 MHz,23.5,EUR,0000001011,False,Happy Path,32,0
100032,R1221,Returnables,R100022,Bottle 1.5,0.05,EUR,R1000,False,Happy Path,23,0
1000321,001,Metal processing,100-310,Slug for Shaft,24.5,EUR,0000001011,False,Happy Path,28,0
1000329,001,Metal processing,100-700,Sheet metal ST37,2.56,USD,R3000,True,Deviant,37,1
1000354,R1133,Household/cosmetics,R100014,Body lotion 'Alabaster',3.04,USD,0000003021,False,Happy Path,29,0
100037,R1111,Dairy,R100001,Fauna margarine,0.41,EUR,R1000,False,Happy Path,37,0
100038,R1122,Deli,R100002,Salami parma,25.1,EUR,R1000,False,Happy Path,29,0
100039,R1112,Beverages,R100003,Lemonade 1.5 l bottle,0.4,EUR,R1000,False,Happy Path,31,0
1000399,R1133,Household/cosmetics,R100014,Body lotion 'Alabaster',1.35,EUR,0000003021,True,Deviant,40,1
1000405,R1114,Preserves,R100026,Meyer's cream of mushroom soup,0.46,EUR,0000005550,False,Happy Path,29,0
1000416,003,Bulbs,40-100R,Bulb 220/35V 40-watt red,0.29,EUR,0000000300,True,Deviant,13,1
1000428,003,Bulbs,YY-210,Solid wire LSN 5 1.8,4.59,EUR,0000001001,True,Deviant,40,1
1000442,003,Bulbs,80-100C,Light Bulb 220/235V 80 watt clear,0.13,EUR,0000001001,True,Deviant,41,1
1000449,008,Packaging,80-110Y,220-235V 80-watt yellow e27 MIG box,0.01,EUR,0000001001,True,Deviant,43,1
1000452,003,Bulbs,YY-240,Base mounting kit A 1.01,5.11,EUR,0000001001,True,Deviant,38,1
1000457,003,Bulbs,XX-200,"Foil 330x0,03",0.01,USD,R3002,True,Deviant,12,1
100046,R1122,Deli,R100002,Salami parma,25.1,EUR,R1000,True,Deviant,35,1
1000472,00208,Hard disks,DPC1005,Harddisk 21.13 GB /  ATA-2,180.0,EUR,0000001005,False,Happy Path,27,0
1000484,R1111,Dairy,R100000,Yoghurt all natural,0.27,EUR,R1000,True,Deviant,38,1
1000489,R1221,Returnables,R100023,Crate 12 bottles,1.53,EUR,R1000,False,Happy Path,33,0
1000497,R1221,Returnables,R100023,Crate 12 bottles,1.53,USD,R3000,True,Deviant,37,1
1000508,R1221,Returnables,R100022,Bottle 1.5,0.05,EUR,0000001010,False,Happy Path,31,0
1000509,R1221,Returnables,R100023,Crate 12 bottles,1.5,EUR,0000001010,False,Happy Path,30,0
1000512,00207,Monitors,M-01,Sunny Sunny 01,542.0,EUR,0000001010,False,Happy Path,33,0
1000516,00207,Monitors,M-05,Microsoft Lizenzen,286.3,EUR,0000001015,False,Happy Path,35,0
1000524,00207,Monitors,M-13,MAG DX 17F,536.89,EUR,R1000,True,Deviant,40,1
1000527,00207,Monitors,M-16,SEC Multisync XV 17,838.5,EUR,R1000,False,Happy Path,34,0
1000531,00207,Monitors,M-20,Jotachi SN 7000,577.79,EUR,R1000,False,Happy Path,32,0
100058,R1122,Deli,R100002,Salami parma,49.5,USD,R3000,True,Deviant,30,1
1000584,R1131,Tools,R100009,Screwdriver (cross-head),2.0,USD,0000005550,False,Happy Path,27,0
1000591,R1133,Household/cosmetics,R100013,Shampoo 'Splash',2.64,USD,0000005550,False,Happy Path,27,0
100060,R1221,Returnables,R100022,Bottle 1.5,0.05,EUR,R1000,True,Deviant,11,1
1000614,009,Accessories,1400-750,Deluxe Gas Tank Striping Decals,8.19,EUR,R1000,False,Happy Path,30,0
1000697,007,Services,,,635.0,USD,0000003021,False,Happy Path,30,0
1000543,R1113,Frozen foods,R100004,"'Sophia l.' pizza, 3-pack",3.7,EUR,0000005560,False,Happy Path,37,0
1000545,R1114,Preserves,R100005,RAVIOLI 'LA MAMMA',0.36,EUR,0000005560,False,Happy Path,36,0
1000549,R1121,Perishables,R100007,"Net of oranges, 4 lb",2.29,EUR,0000005560,False,Happy Path,35,0
1000551,R1121,Perishables,R100008,Pepper,1.17,EUR,0000005560,False,Happy Path,30,0
1000553,R1131,Tools,R100009,Screwdriver (cross-head),2.39,EUR,0000001011,False,Happy Path,28,0
1000556,001,Metal processing,100-120,Flat gasket,23.5,EUR,0000001011,False,Happy Path,34,0
1000557,001,Metal processing,100-130,Hexagon head screw M10,0.51,EUR,0000001011,False,Happy Path,29,0
1000559,001,Metal processing,100-410,Casing for electronic drive,5.11,EUR,0000001011,False,Happy Path,30,0
1000566,001,Metal processing,100-510,Ball bearing,10.19,USD,R3000,True,Deviant,45,1
1000576,R1121,Perishables,R100007,"Net of oranges, 4 lb",2.12,USD,0000005550,True,Deviant,32,1
1000579,R1114,Preserves,R100027,Meyer's goulash soup,1.08,USD,0000005550,True,Deviant,30,1
1000592,R1133,Household/cosmetics,R100013,Shampoo 'Splash',2.64,USD,0000005550,False,Happy Path,27,0
1000599,R1134,Electro,R100016,Tuner X300,176.0,USD,0000003745,False,Happy Path,20,0
1000607,R1132,Sport,R100012,Skateboard 'Hells Bells',67.0,EUR,0000001011,True,Deviant,36,1
100061,R1221,Returnables,R100023,Crate 12 bottles,1.5,EUR,R1000,True,Deviant,13,1
1000611,0201,Motorcycles,1400-300,SunFun / 1200 cm3,3681.3,EUR,0000001011,False,Happy Path,26,0
1000616,R1132,Sport,R100011,Basketball 'Professional',4.75,EUR,R1000,True,Deviant,35,1
1000618,R1133,Household/cosmetics,R100013,Shampoo 'Splash',1.13,EUR,R1000,True,Deviant,42,2
1000621,R1114,Preserves,R100026,Meyer's cream of mushroom soup,0.46,EUR,R1000,True,Deviant,10,1
1000624,R1111,Dairy,R100000,Yoghurt all natural,0.53,USD,0000003745,True,Deviant,2,1
1000628,R1111,Dairy,R100001,Fauna margarine,0.95,USD,0000003745,False,Happy Path,27,0
1000629,R1111,Dairy,R100001,Fauna margarine,0.95,USD,0000003745,False,Happy Path,27,0
1000630,R1111,Dairy,R100001,Fauna margarine,0.95,USD,0000003745,False,Happy Path,26,0
1000638,R1113,Frozen foods,R100004,"'Sophia l.' pizza, 3-pack",7.34,USD,0000005550,False,Happy Path,29,0
1000657,R1114,Preserves,R100027,Meyer's goulash soup,1.07,USD,0000005550,True,Deviant,27,1
1000662,R1112,Beverages,R100032,Fitdrink 2000 (Can),0.29,USD,0000005550,True,Deviant,12,1
1000669,R1131,Tools,R100010,"Hammer, 20 oz framing",4.58,EUR,0000005550,False,Happy Path,34,0
1000685,R1134,Electro,R100016,Tuner X300,114.14,EUR,0000005550,False,Happy Path,33,0
1000694,R1112,Beverages,R100032,Fitdrink 2000 (Can),0.28,USD,0000003021,False,Happy Path,29,0
1000696,00803,Pallets,,,200.0,USD,0000003021,False,Happy Path,27,0
1000698,002,Electronics,THT-00-00,Laser Printer,179.0,USD,0000003021,True,Deviant,31,1
100070,R1113,Frozen foods,R100004,"'Sophia l.' pizza, 3-pack",3.7,EUR,R1000,False,Happy Path,34,0
1000701,002,Electronics,THT-00-03,Laser Printer,179.0,USD,0000003021,True,Deviant,28,1
1000707,002,Electronics,THT-00-09,Laser Printer,179.0,USD,0000003021,False,Happy Path,26,0
100071,R1114,Preserves,R100005,RAVIOLI 'LA MAMMA',0.39,EUR,R1000,False,Happy Path,33,0
1000714,002,Electronics,THT-00-16,Laser Printer,179.0,USD,0000003021,False,Happy Path,21,0
1000717,002,Electronics,THT-00-19,Laser Printer,179.0,USD,0000003021,False,Happy Path,25,0
1000724,002,Electronics,THT-00-26,Laser Printer,179.0,USD,0000003021,False,Happy Path,17,0
1000726,002,Electronics,THT-00-28,Laser Printer,179.0,USD,0000003021,False,Happy Path,25,0
1000728,002,Electronics,THT-00-30,Laser Printer,179.0,USD,0000003021,True,Deviant,29,1
1000737,002,Electronics,THT-00-39,Laser Printer,179.0,USD,0000003021,False,Happy Path,23,0
100074,R1122,Deli,R100002,Salami parma,25.1,EUR,R1000,False,Happy Path,26,0
